DATE,TIME,Sensor1,Sensor2,Sensor3,Sensor4
2024-07-03,14:49:00,24752,24775,24988,24584
2024-07-03,14:54:00,24868,24844,25018,24581
2024-07-03,14:59:00,25039,25012,25083,24728
2024-07-03,15:04:00,25129,25026,25124,24733
2024-07-03,15:09:00,25123,24834,25144,24558
2024-07-03,15:14:00,25085,24743,25132,24397
2024-07-03,15:19:00,25053,24797,25142,24370
2024-07-03,15:24:00,25193,24838,25250,24377
2024-07-03,15:29:00,25313,24937,25343,24491
2024-07-03,15:34:00,25343,25156,25421,24616
2024-07-03,15:39:00,25468,25384,25500,24918
2024-07-03,15:44:00,25526,25381,25500,25000
2024-07-03,15:49:00,25443,25232,25504,24887
2024-07-03,15:54:00,25529,25438,25560,24956
2024-07-03,15:59:00,25653,25575,25620,25180
2024-07-03,16:04:00,25534,25355,25620,25054
2024-07-03,16:09:00,25731,25620,25704,25190
2024-07-03,16:14:00,25741,25592,25750,25326
2024-07-03,16:19:00,25828,25705,25835,25351
2024-07-03,16:24:00,25734,25643,25858,25376
2024-07-03,16:29:00,25796,25713,25849,25500
2024-07-03,16:34:00,25892,25801,25870,25513
2024-07-03,16:39:00,25901,25798,25943,25551
2024-07-03,16:44:00,25882,25797,25970,25588
2024-07-03,16:49:00,26005,25899,26004,25609
2024-07-03,16:54:00,26085,25964,26113,25649
2024-07-03,16:59:00,26152,26052,26120,25750
2024-07-03,17:04:00,26171,26068,26127,25808
2024-07-03,17:09:00,26100,26000,26116,25756
2024-07-03,17:14:00,26287,26187,26223,25870
2024-07-03,17:19:00,26284,26164,26301,25884
2024-07-03,17:24:00,26240,26154,26332,25931
2024-07-03,17:29:00,26303,26207,26370,26000
2024-07-03,17:34:00,26358,26418,26389,26019
2024-07-03,17:39:00,26384,26383,26466,26033
2024-07-03,17:44:00,26329,26248,26465,26001
2024-07-03,17:49:00,26387,26268,26494,26000
2024-07-03,17:54:00,26393,26292,26500,26046
2024-07-03,17:59:00,26436,26336,26502,26115
2024-07-03,18:04:00,26434,26323,26517,26075
2024-07-03,18:09:00,26359,26264,26517,26063
2024-07-03,18:14:00,26422,26348,26511,26117
2024-07-03,18:19:00,26385,26277,26587,26070
2024-07-03,18:24:00,26392,26348,26539,26120
2024-07-03,18:29:00,26463,26645,26620,26238
2024-07-03,18:34:00,26482,26403,26620,26228
2024-07-03,18:39:00,26475,26386,26620,26138
2024-07-03,18:44:00,26433,26346,26539,26123
2024-07-03,18:49:00,26421,26339,26620,26139
2024-07-03,18:54:00,26457,26412,26620,26167
2024-07-03,18:59:00,26457,26395,26620,26159
2024-07-03,19:04:00,26533,26500,26676,26229
2024-07-03,19:09:00,26512,26442,26671,26250
2024-07-03,19:14:00,26531,26762,26706,26353
2024-07-03,19:19:00,26724,26713,26810,26388
2024-07-03,19:24:00,26716,26653,26870,26382
2024-07-03,19:29:00,26637,26571,26818,26370
2024-07-03,19:34:00,26679,26634,26844,26370
2024-07-03,19:39:00,26653,26631,26849,26370
2024-07-03,19:44:00,26793,26748,26904,26466
2024-07-03,19:49:00,26818,26804,26968,26531
2024-07-03,19:54:00,26776,26933,27000,26531
2024-07-03,19:59:00,26683,26644,26909,26415
2024-07-03,20:04:00,26613,26551,26850,26366
2024-07-03,20:09:00,26561,26542,26769,26301
2024-07-03,20:14:00,26586,26565,26750,26370
2024-07-03,20:19:00,26553,26297,26807,26111
2024-07-03,20:24:00,26622,26407,26870,26000
2024-07-03,20:29:00,26615,26434,26853,26062
2024-07-03,20:34:00,26651,26644,26824,26076
2024-07-03,20:39:00,26664,26424,26870,26056
2024-07-03,20:44:00,26622,26396,26786,26000
2024-07-03,20:49:00,26503,26316,26750,25984
2024-07-03,20:54:00,26499,26411,26716,26076
2024-07-03,20:59:00,26568,26532,26750,26203
2024-07-03,21:04:00,26687,26657,26855,26328
2024-07-03,21:09:00,26696,26664,26870,26390
2024-07-03,21:14:01,26688,26915,26870,26500
2024-07-03,21:19:00,26722,26744,26880,26500
2024-07-03,21:24:00,26732,26744,26870,26500
2024-07-03,21:29:00,26740,26776,26870,26500
2024-07-03,21:34:00,26780,26786,26965,26557
2024-07-03,21:39:00,26865,26871,27000,26620
2024-07-03,21:44:00,26813,26804,27002,26620
2024-07-03,21:49:00,26966,27256,27119,26759
2024-07-03,21:54:00,26985,27011,27198,26812
2024-07-03,21:59:00,26959,26927,27165,26749
2024-07-03,22:04:00,26999,27014,27186,26746
2024-07-03,22:09:00,26937,26925,27250,26750
2024-07-03,22:14:00,26938,26955,27250,26750
2024-07-03,22:19:00,26978,27166,27250,26786
2024-07-03,22:24:00,26972,27089,27260,26870
2024-07-03,22:29:00,26984,27031,27250,26797
2024-07-03,22:34:00,27002,27078,27250,26870
2024-07-03,22:39:00,27067,27121,27259,26870
2024-07-03,22:44:00,27082,27130,27363,26870
2024-07-03,22:49:01,26988,27207,27254,26893
2024-07-03,22:54:00,27089,27288,27369,27000
2024-07-03,22:59:00,27010,27073,27303,26953
2024-07-03,23:04:00,26993,27066,27256,26870
2024-07-03,23:09:00,27020,27095,27250,26870
2024-07-03,23:14:00,27003,27052,27290,26904
2024-07-03,23:19:00,27089,27327,27370,26912
2024-07-03,23:24:00,27029,27240,27361,27002
2024-07-03,23:29:00,27034,27137,27334,26872
2024-07-03,23:34:00,27132,27195,27370,26975
2024-07-03,23:39:00,27014,27095,27343,26999
2024-07-03,23:44:00,26965,27096,27253,26933
2024-07-03,23:49:00,27012,27389,27250,26988
2024-07-03,23:54:00,27090,27250,27345,27000
2024-07-03,23:59:00,27188,27252,27369,27000
2024-07-04,00:04:00,27160,27230,27370,27045
2024-07-04,00:09:00,27156,27231,27370,27000
2024-07-04,00:14:00,27119,27192,27394,27000
2024-07-04,00:19:00,27179,27496,27480,27086
2024-07-04,00:24:00,27195,27285,27500,27120
2024-07-04,00:29:00,27170,27250,27464,27061
2024-07-04,00:34:00,27144,27200,27482,27062
2024-07-04,00:39:00,27222,27296,27481,27058
2024-07-04,00:44:00,27213,27251,27500,27061
2024-07-04,00:49:00,27227,27575,27500,27191
2024-07-04,00:54:00,27219,27292,27500,27120
2024-07-04,00:59:00,27172,27224,27500,27028
2024-07-04,01:04:00,27300,27373,27502,27111
2024-07-04,01:09:00,27327,27390,27551,27161
2024-07-04,01:14:00,27362,27612,27617,27267
2024-07-04,01:19:00,27340,27527,27620,27337
2024-07-04,01:24:00,27315,27414,27620,27250
2024-07-04,01:29:00,27166,27292,27501,27152
2024-07-04,01:34:00,27276,27352,27529,27141
2024-07-04,01:39:00,27235,27360,27484,27149
2024-07-04,01:44:00,27281,27641,27588,27294
2024-07-04,01:49:00,27276,27411,27588,27250
2024-07-04,01:54:00,27265,27379,27601,27197
2024-07-04,01:59:00,27288,27361,27617,27164
2024-07-04,02:04:00,27268,27337,27606,27181
2024-07-04,02:09:00,27329,27691,27620,27252
2024-07-04,02:14:00,27278,27419,27612,27252
2024-07-04,02:19:00,27330,27453,27544,27250
2024-07-04,02:24:00,27321,27408,27558,27250
2024-07-04,02:29:00,27282,27379,27620,27226
2024-07-04,02:34:00,27269,27601,27600,27230
2024-07-04,02:39:00,27477,27701,27712,27370
2024-07-04,02:44:00,27314,27434,27645,27305
2024-07-04,02:49:00,27286,27405,27567,27250
2024-07-04,02:54:00,27405,27536,27613,27264
2024-07-04,02:59:00,27472,27698,27671,27378
2024-07-04,03:04:00,27408,27669,27750,27422
2024-07-04,03:09:00,27405,27494,27693,27304
2024-07-04,03:14:00,27451,27533,27750,27250
2024-07-04,03:19:00,27377,27423,27749,27250
2024-07-04,03:24:00,27427,27588,27750,27298
2024-07-04,03:29:00,27392,27652,27750,27370
2024-07-04,03:34:00,27357,27456,27717,27300
2024-07-04,03:39:00,27305,27387,27667,27276
2024-07-04,03:44:00,27284,27394,27601,27250
2024-07-04,03:49:00,27279,27461,27598,27250
2024-07-04,03:54:00,27309,27696,27604,27255
2024-07-04,03:59:00,27270,27388,27604,27250
2024-07-04,04:04:00,27270,27368,27621,27239
2024-07-04,04:09:00,27396,27518,27650,27276
2024-07-04,04:14:00,27365,27442,27697,27316
2024-07-04,04:19:00,27367,27748,27750,27367
2024-07-04,04:24:00,27373,27490,27683,27356
2024-07-04,04:29:00,27352,27452,27637,27334
2024-07-04,04:34:00,27298,27423,27620,27250
2024-07-04,04:39:00,27337,27485,27620,27250
2024-07-04,04:44:00,27313,27712,27641,27263
2024-07-04,04:49:00,27392,27505,27650,27367
2024-07-04,04:54:00,27384,27516,27620,27366
2024-07-04,04:59:00,27274,27384,27620,27250
2024-07-04,05:04:00,27301,27481,27628,27255
2024-07-04,05:09:00,27392,27741,27750,27379
2024-07-04,05:14:00,27353,27462,27697,27345
2024-07-04,05:19:00,27336,27449,27702,27283
2024-07-04,05:24:00,27318,27407,27631,27250
2024-07-04,05:29:00,27311,27454,27620,27254
2024-07-04,05:34:00,27357,27666,27683,27334
2024-07-04,05:39:00,27317,27431,27670,27309
2024-07-04,05:44:00,27344,27477,27620,27299
2024-07-04,05:49:00,27319,27413,27692,27250
2024-07-04,05:54:00,27257,27428,27620,27250
2024-07-04,05:59:00,27337,27733,27688,27351
2024-07-04,06:04:00,27346,27468,27684,27310
2024-07-04,06:09:00,27374,27479,27691,27325
2024-07-04,06:14:00,27355,27442,27742,27254
2024-07-04,06:19:00,27371,27533,27745,27311
2024-07-04,06:24:00,27392,27756,27718,27370
2024-07-04,06:29:00,27434,27510,27750,27370
2024-07-04,06:34:00,27386,27506,27704,27370
2024-07-04,06:39:00,27388,27501,27689,27350
2024-07-04,06:44:00,27391,27531,27694,27324
2024-07-04,06:49:00,27482,27907,27750,27460
2024-07-04,06:54:00,27383,27492,27750,27383
2024-07-04,06:59:00,27377,27471,27750,27310
2024-07-04,07:04:00,27361,27437,27750,27252
2024-07-04,07:09:00,27397,27516,27714,27332
2024-07-04,07:14:00,27351,27706,27644,27321
2024-07-04,07:19:00,27361,27460,27708,27310
2024-07-04,07:24:00,27444,27549,27750,27362
2024-07-04,07:29:00,27376,27468,27710,27316
2024-07-04,07:34:00,27377,27449,27750,27280
2024-07-04,07:39:00,27374,27741,27750,27336
2024-07-04,07:44:00,27365,27503,27726,27369
2024-07-04,07:49:00,27336,27404,27750,27250
2024-07-04,07:54:00,27346,27431,27718,27250
2024-07-04,07:59:00,27390,27508,27699,27278
2024-07-04,08:04:00,27406,27732,27680,27365
2024-07-04,08:09:00,27410,27570,27750,27443
2024-07-04,08:14:00,27439,27549,27750,27370
2024-07-04,08:19:00,27405,27469,27750,27288
2024-07-04,08:24:00,27338,27440,27745,27294
2024-07-04,08:29:00,27459,27721,27750,27372
2024-07-04,08:34:00,27549,27852,27809,27571
2024-07-04,08:39:00,27487,27587,27765,27425
2024-07-04,08:44:00,27379,27496,27750,27381
2024-07-04,08:49:00,27396,27532,27689,27370
2024-07-04,08:54:00,27402,27526,27725,27370
2024-07-04,08:59:00,27436,27927,27731,27482
2024-07-04,09:04:00,27410,27601,27750,27472
2024-07-04,09:09:00,27431,27553,27741,27370
2024-07-04,09:14:00,27421,27568,27722,27370
2024-07-04,09:19:00,27394,27497,27767,27370
2024-07-04,09:24:00,27451,27800,27821,27373
2024-07-04,09:29:00,27480,27624,27870,27439
2024-07-04,09:34:00,27469,27565,27809,27370
2024-07-04,09:39:00,27474,27558,27750,27370
2024-07-04,09:44:00,27410,27550,27721,27370
2024-07-04,09:49:00,27419,27692,27749,27391
2024-07-04,09:54:00,27454,27758,27765,27495
2024-07-04,09:59:00,27487,27622,27794,27428
2024-07-04,10:04:00,27404,27536,27750,27381
2024-07-04,10:09:00,27396,27546,27703,27370
2024-07-04,10:14:00,27413,27632,27750,27370
2024-07-04,10:19:00,27486,27855,27799,27482
2024-07-04,10:24:00,27472,27597,27751,27387
2024-07-04,10:29:00,27488,27588,27837,27377
2024-07-04,10:34:00,27490,27586,27816,27470
2024-07-04,10:39:00,27463,27609,27754,27414
2024-07-04,10:44:00,27600,28041,27870,27576
2024-07-04,10:49:00,27510,27605,27870,27521
2024-07-04,10:54:00,27491,27599,27835,27454
2024-07-04,10:59:00,27498,27602,27869,27420
2024-07-04,11:04:00,27580,27699,27864,27435
2024-07-04,11:09:00,27546,27925,27861,27500
2024-07-04,11:14:00,27551,27674,27870,27500
2024-07-04,11:19:00,27553,27650,27870,27497
2024-07-04,11:24:00,27606,27708,27870,27500
2024-07-04,11:29:00,27610,27718,27870,27509
2024-07-04,11:34:00,27659,28031,27938,27620
2024-07-04,11:39:00,27649,27744,27920,27576
2024-07-04,11:44:00,27708,27749,28000,27593
2024-07-04,11:49:00,27749,27806,27975,27582
2024-07-04,11:54:00,27639,27807,27870,27571
2024-07-04,11:59:00,27697,28083,27903,27692
2024-07-04,12:04:00,27781,27881,27998,27646
2024-07-04,12:09:00,27867,27907,28042,27697
2024-07-04,12:14:00,27905,27928,28077,27750
2024-07-04,12:19:00,27885,28084,28089,27754
2024-07-04,12:24:00,27932,28130,28206,27832
2024-07-04,12:29:00,27892,27944,28142,27774
2024-07-04,12:34:00,27935,28005,28107,27750
2024-07-04,12:39:00,27946,27989,28114,27775
2024-07-04,12:44:00,27943,28229,28120,27841
2024-07-04,12:49:00,27988,28072,28171,27817
2024-07-04,12:54:00,27994,28037,28173,27803
2024-07-04,12:59:00,28029,28073,28203,27838
2024-07-04,13:04:00,27992,28032,28249,27870
2024-07-04,13:09:00,28037,28449,28216,27973
2024-07-04,13:14:00,28074,28141,28250,27959
2024-07-04,13:19:00,28084,28119,28250,27951
2024-07-04,13:24:00,28132,28157,28321,27937
2024-07-04,13:29:00,28144,28324,28368,27970
2024-07-04,13:34:00,28202,28411,28421,28120
2024-07-04,13:39:00,28235,28257,28438,28029
2024-07-04,13:44:00,28276,28291,28453,28055
2024-07-04,13:49:00,28296,28316,28500,28120
2024-07-04,13:54:00,28348,28701,28549,28222
2024-07-04,13:59:00,28252,27969,28535,27857
2024-07-04,14:04:00,28034,27655,28375,27368
2024-07-04,14:09:00,27927,27599,28274,27108
2024-07-04,14:14:00,27986,27717,28250,27096
2024-07-04,14:19:00,28056,28103,28250,27355
2024-07-04,14:24:00,28075,28023,28218,27535
2024-07-04,14:29:00,28165,28057,28251,27620
2024-07-04,14:34:00,28241,28194,28346,27734
2024-07-04,14:39:00,28177,28234,28326,27780
2024-07-04,14:44:00,28304,28489,28370,27884
2024-07-04,14:49:00,28289,28296,28411,27861
2024-07-04,14:54:00,28369,28361,28488,27870
2024-07-04,14:59:00,28337,28337,28451,27871
2024-07-04,15:04:00,28387,28553,28485,28005
2024-07-04,15:09:00,28502,28508,28561,28120
2024-07-04,15:14:00,28487,28410,28620,28053
2024-07-04,15:19:00,28529,28454,28620,28000
2024-07-04,15:24:00,28426,28373,28574,28000
2024-07-04,15:29:00,28453,28730,28570,28110
2024-07-04,15:34:00,28496,28478,28620,28103
2024-07-04,15:39:00,28469,28408,28620,28000
2024-07-04,15:44:00,28486,28394,28620,28002
2024-07-04,15:49:00,28475,28666,28620,28116
2024-07-04,15:54:00,28454,28498,28616,28099
2024-07-04,15:59:00,28415,28391,28607,28000
2024-07-04,16:04:00,28479,28475,28620,28029
2024-07-04,16:09:00,28394,28363,28620,28015
2024-07-04,16:14:00,28442,28673,28624,28173
2024-07-04,16:19:00,28421,28424,28620,28102
2024-07-04,16:24:00,28428,28401,28620,28028
2024-07-04,16:29:00,28570,28470,28721,28089
2024-07-04,16:34:00,28581,28791,28733,28223
2024-07-04,16:39:00,28579,28557,28736,28246
2024-07-04,16:44:00,28570,28492,28750,28161
2024-07-04,16:49:00,28470,28425,28670,28140
2024-07-04,16:54:00,28439,28606,28630,28131
2024-07-04,16:59:00,28514,28682,28729,28235
2024-07-04,17:04:00,28519,28510,28724,28142
2024-07-04,17:09:00,28537,28516,28718,28120
2024-07-04,17:14:00,28437,28439,28624,28120
2024-07-04,17:19:00,28567,28828,28718,28199
2024-07-04,17:24:00,28524,28385,28669,28075
2024-07-04,17:29:00,28441,28401,28660,28095
2024-07-04,17:34:00,28462,28422,28634,28109
2024-07-04,17:39:00,28494,28675,28699,28169
2024-07-04,17:44:00,28505,28503,28661,28132
2024-07-04,17:49:00,28461,28414,28749,28120
2024-07-04,17:54:00,28469,28407,28700,28120
2024-07-04,17:59:00,28452,28502,28620,28120
2024-07-04,18:04:00,28561,28728,28746,28239
2024-07-04,18:09:00,28515,28468,28745,28164
2024-07-04,18:14:00,28536,28509,28737,28132
2024-07-04,18:19:00,28557,28498,28750,28122
2024-07-04,18:24:00,28575,28780,28773,28221
2024-07-04,18:29:00,28611,28563,28798,28250
2024-07-04,18:34:00,28587,28534,28779,28250
2024-07-04,18:39:00,28587,28538,28750,28250
2024-07-04,18:44:00,28584,28771,28750,28221
2024-07-04,18:49:00,28571,28615,28750,28265
2024-07-04,18:54:00,28572,28495,28760,28249
2024-07-04,18:59:00,28557,28481,28761,28250
2024-07-04,19:04:00,28544,28582,28770,28250
2024-07-04,19:09:00,28610,28815,28772,28344
2024-07-04,19:14:01,28560,28456,28870,28269
2024-07-04,19:19:00,28546,28475,28801,28222
2024-07-04,19:24:00,28583,28559,28750,28223
2024-07-04,19:29:00,28528,28746,28727,28256
2024-07-04,19:34:00,28637,28632,28750,28278
2024-07-04,19:39:00,28571,28534,28735,28250
2024-07-04,19:44:00,28558,28507,28828,28190
2024-07-04,19:49:00,28652,28865,28869,28250
2024-07-04,19:54:00,28678,28759,28852,28344
2024-07-04,19:59:00,28589,28543,28750,28250
2024-07-04,20:04:00,28557,28564,28721,28250
2024-07-04,20:09:00,28554,28634,28700,28250
2024-07-04,20:14:00,28612,28882,28750,28401
2024-07-04,20:19:00,28642,28626,28803,28356
2024-07-04,20:24:00,28679,28615,28870,28313
2024-07-04,20:29:00,28645,28637,28836,28316
2024-07-04,20:34:00,28656,28948,28870,28371
2024-07-04,20:39:00,28660,28669,28839,28370
2024-07-04,20:44:00,28629,28630,28832,28349
2024-07-04,20:49:00,28635,28588,28869,28274
2024-07-04,20:54:00,28638,28882,28863,28353
2024-07-04,20:59:00,28661,28657,28870,28414
2024-07-04,21:04:00,28644,28624,28855,28344
2024-07-04,21:09:00,28619,28438,28870,28224
2024-07-04,21:14:00,28544,27868,28870,27644
2024-07-04,21:19:00,28556,28091,28870,27594
2024-07-04,21:24:00,28483,27406,28805,27125
2024-07-04,21:29:00,28213,27671,28550,27000
2024-07-04,21:34:00,28118,27659,28332,27000
2024-07-04,21:39:00,28060,27826,28117,27017
2024-07-04,21:44:00,28012,27661,28031,27044
2024-07-04,21:49:00,28008,27692,27946,27049
2024-07-04,21:54:00,28032,27923,27979,27176
2024-07-04,21:59:00,28018,27954,27983,27363
2024-07-04,22:04:00,28084,28158,28072,27492
2024-07-04,22:09:00,28103,28133,28070,27655
2024-07-04,22:14:00,28014,28049,27976,27577
2024-07-04,22:19:00,28021,28130,27944,27590
2024-07-04,22:24:00,28067,28213,27972,27585
2024-07-04,22:29:00,27953,28258,27893,27598
2024-07-04,22:34:00,27855,28087,27798,27579
2024-07-04,22:39:00,27973,28062,27884,27593
2024-07-04,22:44:00,27930,27987,27898,27532
2024-07-04,22:49:00,27891,28113,27848,27577
2024-07-04,22:54:00,27992,28257,27919,27786
2024-07-04,22:59:00,27966,28096,27934,27678
2024-07-04,23:04:00,28022,28138,27991,27604
2024-07-04,23:09:00,27798,27955,27840,27568
2024-07-04,23:14:00,28092,28498,28000,27734
2024-07-04,23:19:00,28167,28506,28075,27871
2024-07-04,23:24:00,27869,28080,27877,27693
2024-07-04,23:29:00,27862,28099,27847,27622
2024-07-04,23:34:00,27936,28211,27877,27637
2024-07-04,23:39:00,28099,28447,27976,27890
2024-07-04,23:44:00,28015,28229,27934,27750
2024-07-04,23:49:00,28041,28240,27954,27666
2024-07-04,23:54:00,28009,28201,27940,27620
2024-07-04,23:59:00,28049,28415,27954,27714
2024-07-05,00:04:00,28028,28373,27957,27624
2024-07-05,00:09:00,27906,28093,27868,27587
2024-07-05,00:14:00,27909,28061,27926,27606
2024-07-05,00:19:00,27921,28214,27933,27620
2024-07-05,00:24:00,28032,28424,27970,27728
2024-07-05,00:29:00,27910,28030,27928,27652
2024-07-05,00:34:00,27907,28036,27955,27569
2024-07-05,00:39:00,27878,28051,27890,27584
2024-07-05,00:44:00,27916,28223,27840,27633
2024-07-05,00:49:00,28111,28348,27971,27750
2024-07-05,00:54:00,27955,28053,27944,27625
2024-07-05,00:59:00,27831,28080,27828,27563
2024-07-05,01:04:00,27964,28163,27848,27592
2024-07-05,01:09:00,27914,28162,27831,27617
2024-07-05,01:14:00,27808,28001,27817,27547
2024-07-05,01:19:00,27903,27958,27871,27588
2024-07-05,01:24:00,27923,28076,27879,27537
2024-07-05,01:29:00,28069,28434,27983,27711
2024-07-05,01:34:00,28057,28273,27954,27741
2024-07-05,01:39:00,27974,28222,27930,27620
2024-07-05,01:44:00,27944,28145,27920,27620
2024-07-05,01:49:00,27950,28197,27919,27635
2024-07-05,01:54:00,27956,28339,27912,27711
2024-07-05,01:59:00,27973,28185,27939,27649
2024-07-05,02:04:00,27965,28078,27938,27661
2024-07-05,02:09:00,27947,28056,27944,27649
2024-07-05,02:14:00,27994,28295,27965,27770
2024-07-05,02:19:00,28073,28187,28006,27750
2024-07-05,02:24:00,28030,28132,27993,27628
2024-07-05,02:29:00,27966,28148,27933,27620
2024-07-05,02:34:00,28007,28338,27964,27702
2024-07-05,02:39:00,28075,28212,28019,27750
2024-07-05,02:44:00,28055,28194,28034,27711
2024-07-05,02:49:00,27990,28027,27985,27639
2024-07-05,02:54:00,27949,28181,27904,27701
2024-07-05,02:59:00,27970,28364,27939,27681
2024-07-05,03:04:00,27851,28022,27884,27555
2024-07-05,03:09:00,27982,28181,27970,27614
2024-07-05,03:14:00,27788,28051,27807,27538
2024-07-05,03:19:00,27870,28278,27800,27661
2024-07-05,03:24:00,27960,28199,27905,27638
2024-07-05,03:29:00,28051,28214,27957,27648
2024-07-05,03:34:00,28014,28080,28000,27639
2024-07-05,03:39:00,27979,28198,27954,27659
2024-07-05,03:44:00,28059,28318,27961,27750
2024-07-05,03:49:00,28056,28287,28007,27747
2024-07-05,03:54:00,28016,28200,27976,27707
2024-07-05,03:59:00,28031,28199,27945,27685
2024-07-05,04:04:00,28017,28403,27935,27779
2024-07-05,04:09:00,27998,28144,27962,27694
2024-07-05,04:14:00,27983,28143,27939,27700
2024-07-05,04:19:00,27991,28150,27946,27746
2024-07-05,04:24:00,28042,28400,27966,27819
2024-07-05,04:29:00,28051,28281,28024,27755
2024-07-05,04:34:00,28077,28300,28053,27741
2024-07-05,04:39:00,28059,28189,28027,27741
2024-07-05,04:44:01,28046,28425,28035,27750
2024-07-05,04:49:00,28062,28372,27985,27750
2024-07-05,04:54:00,28100,28334,27993,27750
2024-07-05,04:59:00,27983,28161,27944,27626
2024-07-05,05:04:00,27943,28121,27967,27684
2024-07-05,05:09:00,27979,28307,28000,27823
2024-07-05,05:14:00,27996,28161,27975,27728
2024-07-05,05:19:00,27840,28065,27821,27645
2024-07-05,05:24:00,27931,28135,27914,27620
2024-07-05,05:29:00,27826,28252,27815,27708
2024-07-05,05:34:00,27967,28155,27837,27737
2024-07-05,05:39:00,27890,28035,27866,27650
2024-07-05,05:44:00,27854,27954,27886,27618
2024-07-05,05:49:00,27857,28111,27870,27623
2024-07-05,05:54:00,27816,28110,27799,27652
2024-07-05,05:59:00,27808,28071,27815,27538
2024-07-05,06:04:00,27781,27936,27795,27501
2024-07-05,06:09:00,27582,27804,27689,27493
2024-07-05,06:14:00,27726,28151,27680,27572
2024-07-05,06:19:00,27669,27887,27649,27506
2024-07-05,06:24:00,27680,27864,27714,27500
2024-07-05,06:29:00,27747,27968,27754,27500
2024-07-05,06:34:00,27683,28001,27741,27521
2024-07-05,06:39:00,27677,27984,27762,27531
2024-07-05,06:44:00,27676,27952,27719,27500
2024-07-05,06:49:00,27674,27890,27671,27495
2024-07-05,06:54:00,27660,27854,27631,27468
2024-07-05,06:59:00,27643,28135,27642,27511
2024-07-05,07:04:00,27577,27783,27665,27422
2024-07-05,07:09:00,27466,27742,27536,27310
2024-07-05,07:14:00,27521,27735,27526,27330
2024-07-05,07:19:00,27507,27760,27456,27277
2024-07-05,07:24:00,27428,27764,27468,27257
2024-07-05,07:29:00,27503,27860,27492,27325
2024-07-05,07:34:00,27730,27958,27613,27388
2024-07-05,07:39:00,27543,27779,27564,27374
2024-07-05,07:44:00,27512,27789,27545,27392
2024-07-05,07:49:00,27529,27845,27549,27448
2024-07-05,07:54:00,27515,27756,27528,27346
2024-07-05,07:59:00,27546,27780,27546,27303
2024-07-05,08:04:00,27514,27765,27582,27296
2024-07-05,08:09:00,27413,27746,27454,27288
2024-07-05,08:14:00,27407,27824,27411,27319
2024-07-05,08:19:00,27435,27680,27437,27269
2024-07-05,08:24:00,27467,27852,27466,27277
2024-07-05,08:29:00,27316,27530,27369,27222
2024-07-05,08:34:00,27312,27773,27336,27240
2024-07-05,08:39:00,27419,27718,27393,27242
2024-07-05,08:44:00,27338,27491,27424,27120
2024-07-05,08:49:00,27271,27478,27323,27118
2024-07-05,08:54:00,27248,27509,27293,27120
2024-07-05,08:59:00,27354,27718,27341,27184
2024-07-05,09:04:00,27263,27566,27313,27120
2024-07-05,09:09:00,27186,27398,27242,27059
2024-07-05,09:14:00,27328,27615,27329,27116
2024-07-05,09:19:00,27253,27469,27289,27120
2024-07-05,09:24:00,27195,27596,27269,27072
2024-07-05,09:29:00,27163,27521,27282,27176
2024-07-05,09:34:00,27280,27500,27342,27120
2024-07-05,09:39:00,27280,27515,27324,27120
2024-07-05,09:44:00,27215,27442,27286,27071
2024-07-05,09:49:00,27230,27471,27297,27008
2024-07-05,09:54:00,27268,27749,27289,27094
2024-07-05,09:59:00,27184,27392,27205,27003
2024-07-05,10:04:00,27171,27355,27198,26962
2024-07-05,10:09:00,27198,27539,27181,27000
2024-07-05,10:14:00,27149,27442,27158,26973
2024-07-05,10:19:00,27100,27451,27162,27067
2024-07-05,10:24:00,27246,27480,27215,27000
2024-07-05,10:29:00,26995,27271,27011,26876
2024-07-05,10:34:00,27329,27560,27206,26971
2024-07-05,10:39:00,27100,27305,27165,27011
2024-07-05,10:44:00,27188,27574,27201,27053
2024-07-05,10:49:00,27273,27535,27239,27000
2024-07-05,10:54:00,27151,27330,27213,27000
2024-07-05,10:59:00,27093,27188,27248,26944
2024-07-05,11:04:00,27191,27392,27246,26913
2024-07-05,11:09:00,27228,27691,27220,27082
2024-07-05,11:14:00,27078,27341,27120,26992
2024-07-05,11:19:00,26907,27155,26963,26894
2024-07-05,11:24:00,26949,27175,27042,26827
2024-07-05,11:29:00,27015,27274,27087,26790
2024-07-05,11:34:00,27034,27448,27051,26853
2024-07-05,11:39:00,26941,27275,26992,26742
2024-07-05,11:44:00,26903,27114,26867,26585
2024-07-05,11:49:00,26729,26932,26817,26644
2024-07-05,11:54:00,26857,27211,26860,26653
2024-07-05,11:59:00,26921,27168,26977,26689
2024-07-05,12:04:00,26825,27147,26982,26725
2024-07-05,12:09:00,26875,27074,26940,26750
2024-07-05,12:14:00,26851,27074,26951,26748
2024-07-05,12:19:00,26869,27048,26944,26702
2024-07-05,12:24:00,26792,26934,26902,26664
2024-07-05,12:29:00,26796,27205,26868,26649
2024-07-05,12:34:00,26863,27066,26891,26623
2024-07-05,12:39:00,26778,26997,26893,26646
2024-07-05,12:44:00,26836,27115,26842,26609
2024-07-05,12:49:00,26838,27059,26822,26658
2024-07-05,12:54:00,26892,27263,26852,26699
2024-07-05,12:59:00,26775,27086,26798,26647
2024-07-05,13:04:00,26747,27079,26769,26582
2024-07-05,13:09:00,26749,26966,26748,26501
2024-07-05,13:14:00,26685,26850,26782,26500
2024-07-05,13:19:00,26620,26849,26652,26500
2024-07-05,13:24:00,26684,27021,26713,26500
2024-07-05,13:29:00,26676,26862,26750,26499
2024-07-05,13:34:00,26694,26904,26694,26513
2024-07-05,13:39:00,26638,26846,26477,26521
2024-07-05,13:44:00,26570,26783,26553,26498
2024-07-05,13:49:00,26588,26828,26560,26474
2024-07-05,13:54:00,26632,26913,26575,26479
2024-07-05,13:59:00,26574,26683,26553,26370
2024-07-05,14:04:00,26582,26671,26532,26314
2024-07-05,14:09:00,26507,26539,26544,26323
2024-07-05,14:14:00,26545,26625,26580,26331
2024-07-05,14:19:00,26538,26105,26622,25811
2024-07-05,14:24:00,26437,26006,26620,25403
2024-07-05,14:29:00,26543,26215,26680,25646
2024-07-05,14:34:00,26479,26107,26620,25512
2024-07-05,14:39:00,26561,26256,26694,25699
2024-07-05,14:44:00,26538,26261,26621,25667
2024-07-05,14:49:00,26510,26111,26650,25657
2024-07-05,14:54:00,26553,26354,26620,25740
2024-07-05,14:59:00,26483,25985,26620,25602
2024-07-05,15:04:00,26509,26080,26616,25586
2024-07-05,15:09:00,26466,26053,26534,25556
2024-07-05,15:14:00,26472,26193,26512,25578
2024-07-05,15:19:00,26474,26015,26520,25593
2024-07-05,15:24:00,26420,25979,26500,25479
2024-07-05,15:29:00,26444,26036,26500,25542
2024-07-05,15:34:00,26365,25972,26433,25402
2024-07-05,15:39:00,26379,25959,26443,25461
2024-07-05,15:44:00,26399,26134,26410,25469
2024-07-05,15:49:00,26427,26093,26497,25567
2024-07-05,15:54:00,26482,26201,26500,25657
2024-07-05,15:59:00,26439,25938,26500,25586
2024-07-05,16:04:00,26450,26117,26500,25586
2024-07-05,16:09:00,26473,26244,26500,25646
2024-07-05,16:14:00,26513,26225,26500,25699
2024-07-05,16:19:00,26500,26239,26500,25671
2024-07-05,16:24:00,26561,26349,26532,25766
2024-07-05,16:29:00,26588,26359,26620,25829
2024-07-05,16:34:00,26617,26351,26620,25870
2024-07-05,16:39:00,26636,26382,26623,25908
2024-07-05,16:44:00,26629,26338,26639,25849
2024-07-05,16:49:00,26640,26387,26670,25842
2024-07-05,16:54:00,26558,26219,26620,25667
2024-07-05,16:59:00,26576,26062,26619,25623
2024-07-05,17:04:00,26541,26178,26620,25557
2024-07-05,17:09:00,26518,26135,26620,25643
2024-07-05,17:14:00,26563,26302,26620,25694
2024-07-05,17:19:00,26527,26233,26620,25622
2024-07-05,17:24:00,26564,26293,26620,25739
2024-07-05,17:29:00,26589,26298,26620,25793
2024-07-05,17:34:00,26586,26275,26620,25780
2024-07-05,17:39:00,26579,26262,26620,25750
2024-07-05,17:44:00,26603,26304,26620,25783
2024-07-05,17:49:00,26623,26423,26707,25820
2024-07-05,17:54:00,26620,26296,26749,25792
2024-07-05,17:59:00,26610,26304,26702,25794
2024-07-05,18:04:00,26632,26343,26750,25801
2024-07-05,18:09:00,26662,26413,26750,25851
2024-07-05,18:14:00,26668,26408,26750,25884
2024-07-05,18:19:00,26699,26436,26750,25944
2024-07-05,18:24:00,26700,26511,26750,25946
2024-07-05,18:29:00,26672,26353,26750,25871
2024-07-05,18:34:00,26715,26502,26769,25941
2024-07-05,18:39:00,26717,26481,26763,25876
2024-07-05,18:44:00,26709,26381,26822,25857
2024-07-05,18:49:00,26703,26333,26823,25895
2024-07-05,18:54:00,26714,26465,26817,25918
2024-07-05,18:59:00,26711,26455,26806,25913
2024-07-05,19:04:00,26736,26462,26870,25939
2024-07-05,19:09:00,26742,26478,26870,25974
2024-07-05,19:14:00,26761,26503,26870,26016
2024-07-05,19:19:00,26757,26486,26870,26051
2024-07-05,19:24:00,26790,26615,26870,26045
2024-07-05,19:29:00,26772,26501,26870,25981
2024-07-05,19:34:00,26815,26525,26952,26037
2024-07-05,19:39:00,26836,26576,26975,26055
2024-07-05,19:44:00,26800,26491,26899,26010
2024-07-05,19:49:00,26783,26559,26871,26054
2024-07-05,19:54:00,26793,26581,26900,26072
2024-07-05,19:59:00,26786,26591,27000,26085
2024-07-05,20:04:00,26816,26763,26998,26111
2024-07-05,20:09:00,26814,26608,27000,26084
2024-07-05,20:14:00,26818,26575,27000,26084
2024-07-05,20:19:00,26830,26608,27000,26090
2024-07-05,20:24:00,26835,26641,27000,26086
2024-07-05,20:29:00,26830,26581,27000,26096
2024-07-05,20:34:00,26812,26614,27000,26088
2024-07-05,20:39:00,26799,26623,27000,26080
2024-07-05,20:44:00,26816,26634,27000,26056
2024-07-05,20:49:00,26796,26515,27000,26055
2024-07-05,20:54:00,26811,26557,27000,26087
2024-07-05,20:59:00,26816,26659,27000,26102
2024-07-05,21:04:00,26793,26616,27000,26094
2024-07-05,21:09:00,26826,26710,27000,26152
2024-07-05,21:14:00,26808,26568,27000,26107
2024-07-05,21:19:00,26832,26699,27000,26093
2024-07-05,21:24:00,26841,26699,27000,26115
2024-07-05,21:29:00,26880,26722,27035,26182
2024-07-05,21:34:00,26923,26750,27120,26233
2024-07-05,21:39:00,26897,26656,27120,26194
2024-07-05,21:44:00,26892,26703,27120,26197
2024-07-05,21:49:00,26886,26707,27120,26230
2024-07-05,21:54:00,26889,26745,27120,26200
2024-07-05,21:59:00,26905,26758,27120,26206
2024-07-05,22:04:00,26897,26667,27120,26206
2024-07-05,22:09:00,26921,26775,27120,26240
2024-07-05,22:14:00,26920,26785,27120,26250
2024-07-05,22:19:00,26905,26725,27120,26214
2024-07-05,22:24:00,26906,26700,27120,26213
2024-07-05,22:29:00,26915,26776,27120,26250
2024-07-05,22:34:00,26911,26718,27120,26195
2024-07-05,22:39:00,26920,26698,27120,26202
2024-07-05,22:44:00,26913,26709,27120,26203
2024-07-05,22:49:00,26907,26711,27120,26193
2024-07-05,22:54:00,26909,26748,27120,26193
2024-07-05,22:59:00,26928,26742,27120,26241
2024-07-05,23:04:00,26947,26797,27120,26250
2024-07-05,23:09:00,26988,26804,27133,26250
2024-07-05,23:14:00,27023,26878,27250,26346
2024-07-05,23:19:00,27024,26864,27250,26369
2024-07-05,23:24:00,26992,26781,27250,26333
2024-07-05,23:29:00,26981,26831,27250,26309
2024-07-05,23:34:00,26993,26820,27238,26278
2024-07-05,23:39:00,26979,26752,27155,26236
2024-07-05,23:44:00,26950,26733,27120,26206
2024-07-05,23:49:00,26949,26792,27120,26225
2024-07-05,23:54:00,26935,26741,27121,26224
2024-07-05,23:59:00,26974,26797,27120,26240
2024-07-06,00:04:00,26922,26622,27120,26147
2024-07-06,00:09:00,26960,26740,27120,26240
2024-07-06,00:14:00,26966,26766,27181,26291
2024-07-06,00:19:00,26968,26885,27215,26255
2024-07-06,00:24:00,26931,26719,27131,26189
2024-07-06,00:29:00,26909,26758,27120,26188
2024-07-06,00:34:00,26915,26668,27120,26200
2024-07-06,00:39:00,26918,26850,27120,26191
2024-07-06,00:44:00,26913,26765,27120,26189
2024-07-06,00:49:00,26889,26707,27120,26193
2024-07-06,00:54:00,26871,26653,27120,26171
2024-07-06,00:59:00,26892,26843,27120,26178
2024-07-06,01:04:00,26886,26744,27120,26174
2024-07-06,01:09:00,26863,26685,27120,26161
2024-07-06,01:14:00,26842,26634,27120,26150
2024-07-06,01:19:00,26864,26746,27120,26180
2024-07-06,01:24:00,26866,26689,27120,26182
2024-07-06,01:29:00,26852,26636,27114,26199
2024-07-06,01:34:00,26839,26664,27064,26178
2024-07-06,01:39:00,26841,26735,27065,26107
2024-07-06,01:44:00,26826,26625,27070,26065
2024-07-06,01:49:00,26798,26612,27010,26065
2024-07-06,01:54:00,26793,26626,27000,26080
2024-07-06,01:59:00,26812,26830,27010,26118
2024-07-06,02:04:00,26838,26634,27099,26150
2024-07-06,02:09:00,26832,26690,27104,26122
2024-07-06,02:14:00,26799,26637,27058,26079
2024-07-06,02:19:00,26803,26614,27006,26016
2024-07-06,02:24:00,26777,26487,27000,25952
2024-07-06,02:29:00,26737,26489,27000,25970
2024-07-06,02:34:00,26743,26755,27000,26031
2024-07-06,02:39:00,26835,26768,27000,26223
2024-07-06,02:44:00,26758,26565,27000,26048
2024-07-06,02:49:00,26725,26567,27000,26023
2024-07-06,02:54:00,26729,26611,26993,26015
2024-07-06,02:59:00,26735,26545,26999,25976
2024-07-06,03:04:00,26716,26475,26960,25995
2024-07-06,03:09:00,26693,26434,26982,25964
2024-07-06,03:14:00,26709,26564,26951,25960
2024-07-06,03:19:00,26734,26555,26945,25969
2024-07-06,03:24:00,26670,26495,26887,25908
2024-07-06,03:29:00,26649,26417,26902,25922
2024-07-06,03:34:00,26688,26497,26870,25940
2024-07-06,03:39:00,26659,26463,26870,25851
2024-07-06,03:44:00,26640,26457,26870,25835
2024-07-06,03:49:00,26630,26429,26870,25827
2024-07-06,03:54:00,26654,26421,26870,25831
2024-07-06,03:59:00,26614,26422,26831,25799
2024-07-06,04:04:00,26575,26297,26780,25745
2024-07-06,04:09:00,26634,26585,26829,25851
2024-07-06,04:14:00,26653,26514,26866,25912
2024-07-06,04:19:00,26620,26444,26763,25870
2024-07-06,04:24:00,26612,26433,26751,25864
2024-07-06,04:29:00,26630,26529,26782,25874
2024-07-06,04:34:00,26613,26423,26808,25870
2024-07-06,04:39:00,26577,26391,26750,25788
2024-07-06,04:44:00,26547,26264,26750,25739
2024-07-06,04:49:00,26559,26285,26750,25700
2024-07-06,04:54:00,26546,26293,26749,25683
2024-07-06,04:59:00,26510,26308,26683,25656
2024-07-06,05:04:00,26463,26244,26645,25634
2024-07-06,05:09:00,26460,26181,26620,25573
2024-07-06,05:14:00,26445,26171,26620,25597
2024-07-06,05:19:00,26441,26158,26620,25599
2024-07-06,05:24:00,26430,26222,26620,25584
2024-07-06,05:29:00,26359,25966,26546,25491
2024-07-06,05:34:00,26413,26240,26569,25604
2024-07-06,05:39:00,26374,25984,26543,25562
2024-07-06,05:44:00,26383,26057,26500,25526
2024-07-06,05:49:00,26349,26083,26500,25461
2024-07-06,05:54:00,26363,26166,26500,25538
2024-07-06,05:59:00,26359,26113,26500,25574
2024-07-06,06:04:00,26385,26217,26500,25576
2024-07-06,06:09:00,26375,26071,26500,25557
2024-07-06,06:14:00,26353,26037,26500,25512
2024-07-06,06:19:00,26343,26152,26500,25552
2024-07-06,06:24:00,26305,25995,26404,25396
2024-07-06,06:29:00,26313,26005,26412,25453
2024-07-06,06:34:00,26273,26002,26370,25436
2024-07-06,06:39:00,26210,25938,26370,25355
2024-07-06,06:44:00,26226,26047,26370,25361
2024-07-06,06:49:00,26234,25969,26370,25410
2024-07-06,06:54:00,26221,26026,26370,25429
2024-07-06,06:59:00,26175,25910,26368,25367
2024-07-06,07:04:00,26243,26117,26370,25471
2024-07-06,07:09:00,26252,26013,26370,25461
2024-07-06,07:14:00,26214,26014,26370,25445
2024-07-06,07:19:00,26197,25903,26370,25411
2024-07-06,07:24:00,26237,25941,26370,25428
2024-07-06,07:29:00,26222,25990,26370,25414
2024-07-06,07:34:00,26177,25932,26370,25376
2024-07-06,07:39:00,26176,25891,26366,25367
2024-07-06,07:44:00,26208,25938,26370,25365
2024-07-06,07:49:00,26221,25918,26370,25375
2024-07-06,07:54:00,26184,25931,26330,25340
2024-07-06,07:59:00,26155,25885,26268,25323
2024-07-06,08:04:00,26201,25971,26268,25357
2024-07-06,08:09:00,26197,25882,26333,25346
2024-07-06,08:14:00,26173,25829,26334,25372
2024-07-06,08:19:00,26149,25979,26251,25366
2024-07-06,08:24:00,26144,25819,26254,25274
2024-07-06,08:29:00,26138,25740,26250,25317
2024-07-06,08:34:00,26092,25790,26250,25286
2024-07-06,08:39:00,26121,25894,26250,25323
2024-07-06,08:44:00,26114,25960,26250,25302
2024-07-06,08:49:00,26104,25847,26250,25237
2024-07-06,08:54:00,26097,25875,26250,25284
2024-07-06,08:59:00,26075,25726,26250,25283
2024-07-06,09:04:00,26087,25854,26250,25296
2024-07-06,09:09:00,26104,25821,26250,25289
2024-07-06,09:14:00,26054,25799,26245,25215
2024-07-06,09:19:00,25993,25650,26135,25118
2024-07-06,09:24:00,26037,25743,26120,25219
2024-07-06,09:29:00,26033,25831,26120,25160
2024-07-06,09:34:00,25984,25638,26120,25139
2024-07-06,09:39:00,25996,25692,26120,25203
2024-07-06,09:44:00,25998,25745,26120,25191
2024-07-06,09:49:00,26004,25822,26120,25205
2024-07-06,09:54:00,26047,25830,26120,25251
2024-07-06,09:59:00,26070,25860,26120,25318
2024-07-06,10:04:00,26069,25816,26207,25334
2024-07-06,10:09:00,26088,25870,26194,25286
2024-07-06,10:14:00,26062,25772,26120,25205
2024-07-06,10:19:00,26087,25865,26172,25303
2024-07-06,10:24:00,26065,25818,26151,25257
2024-07-06,10:29:00,26046,25756,26148,25234
2024-07-06,10:34:00,26085,25902,26128,25307
2024-07-06,10:39:00,26072,25860,26183,25298
2024-07-06,10:44:00,26082,25809,26250,25317
2024-07-06,10:49:00,26112,25972,26250,25321
2024-07-06,10:54:00,26161,25979,26250,25366
2024-07-06,10:59:00,26122,25870,26250,25329
2024-07-06,11:04:00,26112,25793,26250,25323
2024-07-06,11:09:00,26105,25942,26250,25337
2024-07-06,11:14:00,26138,25913,26250,25364
2024-07-06,11:19:00,26127,25829,26250,25305
2024-07-06,11:24:00,26126,25833,26250,25304
2024-07-06,11:29:00,26132,25905,26250,25341
2024-07-06,11:34:00,26152,25869,26250,25316
2024-07-06,11:39:00,26150,25891,26250,25327
2024-07-06,11:44:00,26172,25897,26250,25371
2024-07-06,11:49:00,26169,26035,26250,25444
2024-07-06,11:54:00,26180,25894,26250,25349
2024-07-06,11:59:00,26170,25853,26252,25332
2024-07-06,12:04:00,26177,25871,26271,25344
2024-07-06,12:09:00,26176,25970,26307,25362
2024-07-06,12:14:00,26212,26129,26259,25416
2024-07-06,12:19:00,26189,25889,26294,25365
2024-07-06,12:24:00,26206,26001,26364,25422
2024-07-06,12:29:00,26221,26037,26370,25484
2024-07-06,12:34:00,26305,26204,26370,25579
2024-07-06,12:39:00,26332,26043,26370,25571
2024-07-06,12:44:00,26308,26095,26370,25545
2024-07-06,12:49:00,26326,26147,26442,25592
2024-07-06,12:54:00,26374,26283,26500,25603
2024-07-06,12:59:00,26367,26128,26500,25594
2024-07-06,13:04:00,26367,26125,26500,25594
2024-07-06,13:09:00,26370,26198,26500,25605
2024-07-06,13:14:00,26421,26344,26500,25680
2024-07-06,13:19:00,26380,26128,26500,25601
2024-07-06,13:24:00,26382,26131,26500,25596
2024-07-06,13:29:00,26407,26235,26500,25666
2024-07-06,13:34:00,26451,26327,26593,25670
2024-07-06,13:39:00,26473,26249,26620,25713
2024-07-06,13:44:00,26442,26255,26620,25704
2024-07-06,13:49:00,26445,26255,26620,25683
2024-07-06,13:54:00,26469,26222,26620,25659
2024-07-06,13:59:00,26465,26287,26620,25695
2024-07-06,14:04:00,26486,26270,26620,25744
2024-07-06,14:09:00,26506,26342,26620,25750
2024-07-06,14:14:00,26553,26422,26635,25814
2024-07-06,14:19:00,26563,26351,26732,25829
2024-07-06,14:24:00,26554,26384,26750,25845
2024-07-06,14:29:00,26566,26413,26750,25802
2024-07-06,14:34:00,26605,26457,26750,25835
2024-07-06,14:39:00,26567,26286,26750,25799
2024-07-06,14:44:00,26571,26337,26750,25822
2024-07-06,14:49:00,26606,26469,26750,25854
2024-07-06,14:54:00,26601,26362,26750,25801
2024-07-06,14:59:00,26581,26386,26750,25809
2024-07-06,15:04:00,26600,26365,26750,25842
2024-07-06,15:09:00,26622,26410,26750,25818
2024-07-06,15:14:00,26577,26299,26750,25816
2024-07-06,15:19:00,26571,26334,26750,25852
2024-07-06,15:24:00,26590,26468,26750,25880
2024-07-06,15:29:00,26579,26379,26750,25830
2024-07-06,15:34:00,26575,26410,26750,25865
2024-07-06,15:39:00,26578,26442,26750,25896
2024-07-06,15:44:00,26569,26507,26750,25901
2024-07-06,15:49:01,26568,26302,26750,25861
2024-07-06,15:54:00,26558,26379,26750,25818
2024-07-06,15:59:00,26520,26259,26750,25746
2024-07-06,16:04:00,26524,26348,26743,25696
2024-07-06,16:09:00,26497,26174,26709,25679
2024-07-06,16:14:00,26475,26281,26670,25682
2024-07-06,16:19:00,26461,26224,26624,25695
2024-07-06,16:24:00,26492,26387,26620,25667
2024-07-06,16:29:00,26440,26153,26620,25596
2024-07-06,16:34:00,26403,26111,26620,25571
2024-07-06,16:39:00,26387,26172,26599,25591
2024-07-06,16:44:00,26395,26285,26561,25603
2024-07-06,16:49:00,26420,26189,26620,25620
2024-07-06,16:54:00,26401,26189,26620,25651
2024-07-06,16:59:00,26409,26232,26620,25667
2024-07-06,17:04:00,26421,26106,26620,25600
2024-07-06,17:09:00,26417,26212,26620,25617
2024-07-06,17:14:00,26416,26192,26620,25647
2024-07-06,17:19:00,26446,26347,26620,25677
2024-07-06,17:24:00,26458,26236,26620,25683
2024-07-06,17:29:00,26420,26174,26620,25652
2024-07-06,17:34:00,26380,26063,26579,25571
2024-07-06,17:39:00,26374,26061,26532,25527
2024-07-06,17:44:00,26362,26039,26500,25475
2024-07-06,17:49:00,26295,25973,26500,25408
2024-07-06,17:54:00,26283,26007,26500,25439
2024-07-06,17:59:00,26261,26126,26440,25414
2024-07-06,18:04:00,26247,25978,26403,25386
2024-07-06,18:09:00,26279,25995,26469,25477
2024-07-06,18:14:00,26214,25949,26370,25404
2024-07-06,18:19:00,26252,26061,26370,25481
2024-07-06,18:24:00,26253,26017,26370,25446
2024-07-06,18:29:00,26209,25896,26370,25393
2024-07-06,18:34:00,26196,25847,26370,25408
2024-07-06,18:39:00,26183,25968,26370,25341
2024-07-06,18:44:00,26178,25903,26370,25315
2024-07-06,18:49:00,26194,25990,26370,25387
2024-07-06,18:54:00,26212,26048,26370,25457
2024-07-06,18:59:00,26241,26147,26370,25507
2024-07-06,19:04:00,26299,26061,26370,25519
2024-07-06,19:09:00,26342,26183,26432,25574
2024-07-06,19:14:00,26342,26109,26500,25620
2024-07-06,19:19:00,26344,26122,26500,25616
2024-07-06,19:24:00,26360,26103,26500,25572
2024-07-06,19:29:00,26332,26056,26500,25541
2024-07-06,19:34:00,26315,26030,26500,25534
2024-07-06,19:39:00,26323,26042,26500,25557
2024-07-06,19:44:00,26317,26234,26488,25488
2024-07-06,19:49:00,26267,25897,26424,25414
2024-07-06,19:54:00,26243,25989,26379,25446
2024-07-06,19:59:00,26263,26041,26371,25486
2024-07-06,20:04:00,26292,26211,26417,25500
2024-07-06,20:09:00,26257,25997,26409,25452
2024-07-06,20:14:00,26250,26000,26379,25450
2024-07-06,20:19:00,26265,26057,26370,25500
2024-07-06,20:24:00,26304,26149,26371,25527
2024-07-06,20:29:00,26301,26038,26434,25507
2024-07-06,20:34:00,26298,26061,26483,25556
2024-07-06,20:39:00,26298,26081,26494,25554
2024-07-06,20:44:00,26356,26217,26500,25592
2024-07-06,20:49:00,26335,26106,26500,25558
2024-07-06,20:54:00,26340,26131,26500,25579
2024-07-06,20:59:00,26347,26165,26500,25627
2024-07-06,21:04:00,26381,26230,26500,25682
2024-07-06,21:09:00,26382,26165,26500,25625
2024-07-06,21:14:00,26401,26257,26501,25655
2024-07-06,21:19:00,26402,26225,26567,25694
2024-07-06,21:24:00,26435,26362,26544,25684
2024-07-06,21:29:00,26414,26180,26518,25640
2024-07-06,21:34:00,26425,26235,26590,25695
2024-07-06,21:39:00,26425,26174,26620,25691
2024-07-06,21:44:00,26443,26225,26618,25639
2024-07-06,21:49:00,26425,26183,26620,25599
2024-07-06,21:54:00,26407,26136,26619,25620
2024-07-06,21:59:00,26418,26207,26620,25628
2024-07-06,22:04:00,26445,26317,26620,25705
2024-07-06,22:09:00,26429,26197,26620,25664
2024-07-06,22:14:00,26419,26169,26620,25625
2024-07-06,22:19:00,26387,26111,26620,25620
2024-07-06,22:24:00,26416,26277,26620,25620
2024-07-06,22:29:00,26421,26180,26620,25637
2024-07-06,22:34:00,26415,26216,26620,25625
2024-07-06,22:39:00,26440,26303,26620,25684
2024-07-06,22:44:00,26447,26214,26620,25682
2024-07-06,22:49:00,26426,26160,26620,25620
2024-07-06,22:54:00,26416,26227,26620,25641
2024-07-06,22:59:00,26425,26292,26620,25654
2024-07-06,23:04:00,26426,26238,26620,25662
2024-07-06,23:09:00,26430,26161,26620,25692
2024-07-06,23:14:00,26414,26148,26620,25633
2024-07-06,23:19:00,26407,26192,26620,25592
2024-07-06,23:24:00,26393,26101,26615,25577
2024-07-06,23:29:00,26396,26118,26601,25601
2024-07-06,23:34:00,26332,26103,26500,25508
2024-07-06,23:39:00,26374,26207,26500,25605
2024-07-06,23:44:00,26371,26144,26502,25572
2024-07-06,23:49:00,26362,26135,26500,25578
2024-07-06,23:54:00,26355,26135,26500,25616
2024-07-06,23:59:00,26439,26350,26564,25675
2024-07-07,00:04:00,26428,26166,26602,25657
2024-07-07,00:09:00,26384,26129,26600,25586
2024-07-07,00:14:00,26367,26050,26578,25586
2024-07-07,00:19:00,26390,26237,26578,25607
2024-07-07,00:24:00,26352,26046,26500,25554
2024-07-07,00:29:00,26322,26083,26500,25522
2024-07-07,00:34:00,26315,26068,26500,25534
2024-07-07,00:39:00,26362,26294,26500,25605
2024-07-07,00:44:00,26342,26145,26500,25573
2024-07-07,00:49:00,26319,26061,26500,25552
2024-07-07,00:54:00,26309,26036,26500,25560
2024-07-07,00:59:00,26353,26179,26500,25591
2024-07-07,01:04:00,26306,26049,26500,25473
2024-07-07,01:09:00,26317,26065,26500,25550
2024-07-07,01:14:00,26288,26049,26500,25517
2024-07-07,01:19:00,26303,26091,26500,25501
2024-07-07,01:24:00,26298,26079,26500,25500
2024-07-07,01:29:00,26296,26039,26500,25513
2024-07-07,01:34:00,26321,26062,26500,25612
2024-07-07,01:39:00,26317,26242,26500,25584
2024-07-07,01:44:00,26306,26065,26500,25556
2024-07-07,01:49:00,26303,26022,26500,25530
2024-07-07,01:54:00,26290,25999,26500,25521
2024-07-07,01:59:00,26323,26099,26500,25549
2024-07-07,02:04:00,26331,26098,26500,25500
2024-07-07,02:09:00,26337,26049,26500,25589
2024-07-07,02:14:00,26264,25999,26485,25463
2024-07-07,02:19:00,26306,26191,26463,25531
2024-07-07,02:24:00,26312,26074,26500,25540
2024-07-07,02:29:00,26288,26042,26500,25508
2024-07-07,02:34:00,26306,26103,26500,25566
2024-07-07,02:39:00,26323,26200,26500,25585
2024-07-07,02:44:00,26335,26099,26500,25567
2024-07-07,02:49:00,26348,26164,26500,25582
2024-07-07,02:54:00,26318,26064,26500,25576
2024-07-07,02:59:00,26362,26157,26500,25582
2024-07-07,03:04:00,26358,26098,26500,25562
2024-07-07,03:09:00,26317,26033,26500,25542
2024-07-07,03:14:00,26298,25965,26500,25499
2024-07-07,03:19:00,26278,26187,26447,25483
2024-07-07,03:24:00,26275,26013,26495,25467
2024-07-07,03:29:00,26258,26028,26472,25446
2024-07-07,03:34:00,26239,25966,26405,25435
2024-07-07,03:39:00,26231,26064,26371,25416
2024-07-07,03:44:00,26240,25986,26370,25442
2024-07-07,03:49:00,26230,26020,26370,25474
2024-07-07,03:54:00,26219,25953,26370,25456
2024-07-07,03:59:00,26238,26025,26370,25449
2024-07-07,04:04:00,26202,25990,26370,25370
2024-07-07,04:09:00,26198,25964,26370,25421
2024-07-07,04:14:00,26262,26040,26370,25539
2024-07-07,04:19:00,26276,26096,26370,25535
2024-07-07,04:24:00,26254,25999,26370,25464
2024-07-07,04:29:00,26184,25955,26370,25414
2024-07-07,04:34:00,26171,25902,26370,25392
2024-07-07,04:39:00,26189,25957,26370,25374
2024-07-07,04:44:00,26161,25921,26370,25337
2024-07-07,04:49:00,26169,25884,26370,25355
2024-07-07,04:54:00,26146,26018,26338,25349
2024-07-07,04:59:00,26220,26049,26367,25484
2024-07-07,05:04:00,26266,26047,26370,25507
2024-07-07,05:09:00,26242,25990,26370,25451
2024-07-07,05:14:00,26197,25934,26370,25407
2024-07-07,05:19:00,26195,25960,26370,25412
2024-07-07,05:24:00,26218,25954,26370,25447
2024-07-07,05:29:00,26213,25988,26370,25449
2024-07-07,05:34:00,26198,26031,26370,25443
2024-07-07,05:39:00,26196,26025,26370,25441
2024-07-07,05:44:00,26226,25975,26370,25435
2024-07-07,05:49:00,26216,25947,26370,25440
2024-07-07,05:54:00,26222,25964,26370,25486
2024-07-07,05:59:00,26163,25936,26370,25371
2024-07-07,06:04:00,26252,26198,26370,25500
2024-07-07,06:09:00,26299,26106,26370,25548
2024-07-07,06:14:00,26285,25996,26370,25524
2024-07-07,06:19:00,26251,25942,26372,25486
2024-07-07,06:24:00,26254,26123,26373,25451
2024-07-07,06:29:00,26270,26002,26373,25500
2024-07-07,06:34:00,26239,25947,26370,25482
2024-07-07,06:39:00,26250,25987,26387,25504
2024-07-07,06:44:00,26262,26080,26389,25500
2024-07-07,06:49:00,26214,25944,26389,25406
2024-07-07,06:54:00,26172,25873,26370,25364
2024-07-07,06:59:00,26148,25905,26370,25324
2024-07-07,07:04:00,26162,25990,26351,25339
2024-07-07,07:09:00,26156,25864,26294,25326
2024-07-07,07:14:00,26073,25731,26250,25192
2024-07-07,07:19:00,26051,25667,26250,25187
2024-07-07,07:24:00,26031,25857,26250,25221
2024-07-07,07:29:00,26059,25846,26250,25252
2024-07-07,07:34:00,26044,25793,26250,25250
2024-07-07,07:39:00,26081,25894,26250,25307
2024-07-07,07:44:00,26093,25933,26250,25374
2024-07-07,07:49:00,26105,26002,26250,25331
2024-07-07,07:54:00,26136,25917,26250,25370
2024-07-07,07:59:00,26101,25849,26250,25354
2024-07-07,08:04:00,26071,25809,26250,25308
2024-07-07,08:09:00,26122,26053,26250,25397
2024-07-07,08:14:00,26128,25934,26250,25370
2024-07-07,08:19:00,26119,25855,26250,25365
2024-07-07,08:24:00,26102,25901,26250,25349
2024-07-07,08:29:00,26067,25979,26250,25296
2024-07-07,08:34:00,26070,25755,26250,25218
2024-07-07,08:39:00,26049,25816,26250,25201
2024-07-07,08:44:00,26025,25757,26155,25205
2024-07-07,08:49:00,25996,25743,26172,25203
2024-07-07,08:54:00,26004,25675,26120,25223
2024-07-07,08:59:00,25950,25728,26120,25139
2024-07-07,09:04:00,26039,25831,26132,25274
2024-07-07,09:09:00,26106,25931,26247,25370
2024-07-07,09:14:00,26143,26023,26250,25427
2024-07-07,09:19:00,26125,25899,26250,25415
2024-07-07,09:24:00,26110,25900,26250,25357
2024-07-07,09:29:00,26116,25895,26250,25370
2024-07-07,09:34:00,26149,25966,26250,25364
2024-07-07,09:39:00,26148,25899,26281,25370
2024-07-07,09:44:00,26149,25914,26322,25370
2024-07-07,09:49:00,26139,25907,26267,25401
2024-07-07,09:54:00,26148,25890,26254,25326
2024-07-07,09:59:00,26134,25814,26250,25318
2024-07-07,10:04:00,26101,25799,26250,25283
2024-07-07,10:09:00,26078,25772,26250,25275
2024-07-07,10:14:00,26104,25939,26250,25327
2024-07-07,10:19:00,26074,25765,26250,25250
2024-07-07,10:24:00,26069,25846,26250,25269
2024-07-07,10:29:00,26044,25805,26250,25250
2024-07-07,10:34:00,26058,25838,26250,25298
2024-07-07,10:39:00,26090,25841,26250,25293
2024-07-07,10:44:00,26082,25829,26250,25294
2024-07-07,10:49:00,26069,25786,26250,25315
2024-07-07,10:54:00,26063,25814,26250,25321
2024-07-07,10:59:00,26091,25876,26250,25306
2024-07-07,11:04:00,26089,25836,26250,25320
2024-07-07,11:09:00,26103,25840,26250,25326
2024-07-07,11:14:00,26107,25859,26250,25347
2024-07-07,11:19:00,26152,25986,26250,25394
2024-07-07,11:24:00,26149,25926,26257,25409
2024-07-07,11:29:00,26184,25935,26370,25481
2024-07-07,11:34:00,26165,25934,26359,25437
2024-07-07,11:39:00,26193,26107,26339,25482
2024-07-07,11:44:00,26202,25964,26370,25452
2024-07-07,11:49:00,26206,25972,26370,25450
2024-07-07,11:54:00,26182,25947,26370,25479
2024-07-07,11:59:00,26227,26045,26370,25467
2024-07-07,12:04:00,26201,25881,26370,25434
2024-07-07,12:09:00,26188,25914,26370,25415
2024-07-07,12:14:00,26162,25924,26370,25416
2024-07-07,12:19:00,26181,26113,26325,25427
2024-07-07,12:24:00,26185,25889,26370,25417
2024-07-07,12:29:00,26153,25949,26370,25370
2024-07-07,12:34:00,26130,25896,26290,25335
2024-07-07,12:39:00,26141,25973,26254,25329
2024-07-07,12:44:00,26119,25881,26250,25284
2024-07-07,12:49:00,26146,25876,26280,25395
2024-07-07,12:54:00,26104,25802,26251,25338
2024-07-07,12:59:00,26145,25943,26296,25336
2024-07-07,13:04:00,26130,25867,26260,25339
2024-07-07,13:09:00,26113,25840,26250,25326
2024-07-07,13:14:00,26094,25833,26250,25325
2024-07-07,13:19:00,26100,25938,26250,25307
2024-07-07,13:24:00,26101,25877,26250,25286
2024-07-07,13:29:00,26116,25842,26256,25325
2024-07-07,13:34:00,26077,25848,26250,25309
2024-07-07,13:39:00,26097,25893,26250,25304
2024-07-07,13:44:00,26097,25849,26250,25299
2024-07-07,13:49:00,26047,25778,26250,25211
2024-07-07,13:54:00,26071,25889,26250,25308
2024-07-07,13:59:00,26096,25948,26250,25367
2024-07-07,14:04:00,26089,25871,26250,25334
2024-07-07,14:09:00,26047,25795,26250,25251
2024-07-07,14:14:00,26041,25834,26250,25272
2024-07-07,14:19:00,26056,25955,26173,25259
2024-07-07,14:24:00,26030,25762,26142,25213
2024-07-07,14:29:00,25980,25677,26120,25166
2024-07-07,14:34:00,25973,25685,26120,25182
2024-07-07,14:39:00,26019,25853,26120,25211
2024-07-07,14:44:00,25985,25692,26120,25188
2024-07-07,14:49:00,25966,25745,26120,25178
2024-07-07,14:54:00,25966,25718,26120,25161
2024-07-07,14:59:00,25983,25866,26120,25218
2024-07-07,15:04:00,26011,25808,26120,25246
2024-07-07,15:09:00,25999,25727,26120,25201
2024-07-07,15:14:00,25989,25728,26120,25216
2024-07-07,15:19:00,26014,25769,26120,25254
2024-07-07,15:24:00,26009,25793,26120,25214
2024-07-07,15:29:00,25949,25677,26120,25187
2024-07-07,15:34:00,25921,25614,26120,25152
2024-07-07,15:39:00,25915,25727,26073,25098
2024-07-07,15:44:00,25938,25645,26084,25111
2024-07-07,15:49:00,25883,25691,26054,25076
2024-07-07,15:54:00,25833,25610,26023,25053
2024-07-07,15:59:00,25865,25685,26000,25078
2024-07-07,16:04:00,25829,25556,26000,25000
2024-07-07,16:09:00,25820,25539,26000,25007
2024-07-07,16:14:00,25815,25637,26000,25037
2024-07-07,16:19:00,25882,25746,26000,25128
2024-07-07,16:24:00,25880,25616,26000,25087
2024-07-07,16:29:00,25811,25569,26000,25004
2024-07-07,16:34:00,25828,25632,26000,25066
2024-07-07,16:39:00,25828,25655,26000,25080
2024-07-07,16:44:00,25851,25759,26000,25104
2024-07-07,16:49:00,25867,25624,26000,25148
2024-07-07,16:54:00,25846,25566,26000,25117
2024-07-07,16:59:00,25868,25698,26000,25144
2024-07-07,17:04:00,25880,25739,26000,25094
2024-07-07,17:09:00,25877,25656,26000,25107
2024-07-07,17:14:00,25878,25718,26000,25140
2024-07-07,17:19:00,25864,25709,26000,25154
2024-07-07,17:24:00,25868,25744,26000,25099
2024-07-07,17:29:00,25839,25580,26000,25047
2024-07-07,17:34:00,25801,25526,26000,25014
2024-07-07,17:39:00,25745,25528,26000,24956
2024-07-07,17:44:00,25752,25586,26000,24980
2024-07-07,17:49:00,25785,25594,26000,25042
2024-07-07,17:54:00,25808,25610,26000,25066
2024-07-07,17:59:00,25763,25505,26000,25002
2024-07-07,18:04:00,25765,25581,25992,25024
2024-07-07,18:09:00,25766,25495,25963,24993
2024-07-07,18:14:00,25796,25611,25979,25011
2024-07-07,18:19:00,25840,25590,26000,25106
2024-07-07,18:24:00,25779,25673,26000,25074
2024-07-07,18:29:00,25782,25527,25924,24974
2024-07-07,18:34:00,25735,25451,25870,24927
2024-07-07,18:39:00,25713,25494,25870,24891
2024-07-07,18:44:00,25733,25439,25870,24944
2024-07-07,18:49:00,25718,25510,25870,24949
2024-07-07,18:54:00,25682,25515,25870,24877
2024-07-07,18:59:00,25771,25597,25870,24999
2024-07-07,19:04:00,25721,25564,25870,24956
2024-07-07,19:09:00,25683,25447,25870,24943
2024-07-07,19:14:00,25718,25601,25870,24961
2024-07-07,19:19:00,25750,25560,25870,25000
2024-07-07,19:24:00,25731,25505,25870,25005
2024-07-07,19:29:00,25735,25454,25870,25017
2024-07-07,19:34:00,25704,25545,25870,24943
2024-07-07,19:39:00,25726,25510,25870,24935
2024-07-07,19:44:00,25692,25415,25870,24891
2024-07-07,19:49:00,25662,25394,25870,24915
2024-07-07,19:54:00,25673,25517,25870,24955
2024-07-07,19:59:00,25743,25607,25870,25035
2024-07-07,20:04:00,25725,25518,25870,25000
2024-07-07,20:09:00,25720,25532,25870,24991
2024-07-07,20:14:00,25723,25511,25870,25000
2024-07-07,20:19:00,25781,25656,25870,24990
2024-07-07,20:24:00,25791,25532,25879,24965
2024-07-07,20:29:00,25780,25533,25949,24980
2024-07-07,20:34:00,25741,25566,25884,24964
2024-07-07,20:39:00,25724,25500,25927,24944
2024-07-07,20:44:00,25752,25503,25972,24950
2024-07-07,20:49:00,25723,25465,25874,24921
2024-07-07,20:54:00,25724,25482,25870,24993
2024-07-07,20:59:00,25751,25574,25913,25029
2024-07-07,21:04:00,25755,25487,25908,24975
2024-07-07,21:09:00,25750,25420,25894,24956
2024-07-07,21:14:00,25715,25463,25870,24927
2024-07-07,21:19:00,25695,25521,25870,24891
2024-07-07,21:24:00,25800,25697,25964,25074
2024-07-07,21:29:00,25805,25539,26000,25040
2024-07-07,21:34:00,25829,25644,26000,25062
2024-07-07,21:39:00,25834,25615,26000,25119
2024-07-07,21:44:00,25838,25690,26000,25138
2024-07-07,21:49:00,25853,25630,26000,25120
2024-07-07,21:54:00,25833,25581,26000,25059
2024-07-07,21:59:00,25826,25566,26000,25052
2024-07-07,22:04:00,25843,25577,26000,25079
2024-07-07,22:09:00,25811,25524,26000,24938
2024-07-07,22:14:00,25723,25375,25921,24865
2024-07-07,22:19:00,25760,25470,25960,24927
2024-07-07,22:24:00,25743,25472,25997,24939
2024-07-07,22:29:00,25715,25554,25886,24889
2024-07-07,22:34:00,25705,25455,25870,24901
2024-07-07,22:39:00,25673,25420,25870,24865
2024-07-07,22:44:00,25650,25368,25870,24879
2024-07-07,22:49:00,25688,25468,25870,24911
2024-07-07,22:54:00,25675,25489,25870,24834
2024-07-07,22:59:00,25632,25266,25870,24804
2024-07-07,23:04:00,25618,25331,25870,24811
2024-07-07,23:09:00,25619,25357,25870,24848
2024-07-07,23:14:00,25659,25618,25859,24875
2024-07-07,23:19:00,25607,25296,25862,24824
2024-07-07,23:24:00,25602,25337,25867,24848
2024-07-07,23:29:00,25578,25401,25750,24817
2024-07-07,23:34:00,25562,25349,25751,24811
2024-07-07,23:39:00,25593,25383,25750,24818
2024-07-07,23:44:00,25616,25323,25756,24856
2024-07-07,23:49:00,25552,25316,25750,24818
2024-07-07,23:54:00,25532,25319,25750,24799
2024-07-07,23:59:00,25571,25300,25750,24779
2024-07-08,00:04:00,25560,25285,25750,24786
2024-07-08,00:09:00,25534,25295,25750,24763
2024-07-08,00:14:00,25544,25358,25750,24825
2024-07-08,00:19:00,25507,25224,25750,24765
2024-07-08,00:24:00,25556,25409,25750,24777
2024-07-08,00:29:00,25579,25357,25750,24836
2024-07-08,00:34:00,25607,25418,25750,24872
2024-07-08,00:39:00,25656,25399,25862,24979
2024-07-08,00:44:00,25622,25435,25870,24867
2024-07-08,00:49:00,25616,25455,25830,24844
2024-07-08,00:54:00,25668,25507,25870,24882
2024-07-08,00:59:00,25633,25383,25870,24900
2024-07-08,01:04:00,25640,25499,25870,24898
2024-07-08,01:09:00,25688,25549,25870,24948
2024-07-08,01:14:00,25655,25410,25870,24901
2024-07-08,01:19:00,25638,25353,25870,24870
2024-07-08,01:24:00,25661,25413,25870,24906
2024-07-08,01:29:00,25672,25418,25870,24918
2024-07-08,01:34:00,25657,25375,25870,24849
2024-07-08,01:39:00,25593,25353,25870,24812
2024-07-08,01:44:00,25556,25320,25781,24764
2024-07-08,01:49:00,25534,25221,25752,24775
2024-07-08,01:54:00,25581,25428,25750,24800
2024-07-08,01:59:00,25586,25370,25767,24813
2024-07-08,02:04:00,25569,25356,25750,24821
2024-07-08,02:09:00,25562,25393,25750,24834
2024-07-08,02:14:00,25570,25415,25750,24847
2024-07-08,02:19:00,25583,25395,25750,24815
2024-07-08,02:24:00,25546,25302,25750,24791
2024-07-08,02:29:00,25514,25287,25750,24806
2024-07-08,02:34:00,25510,25280,25750,24793
2024-07-08,02:39:00,25527,25400,25750,24817
2024-07-08,02:44:00,25550,25429,25750,24761
2024-07-08,02:49:00,25445,25192,25748,24667
2024-07-08,02:54:00,25444,25130,25731,24702
2024-07-08,02:59:00,25430,25239,25629,24643
2024-07-08,03:04:00,25428,25281,25624,24673
2024-07-08,03:09:00,25415,25189,25644,24669
2024-07-08,03:14:00,25412,25106,25620,24664
2024-07-08,03:19:00,25358,25197,25620,24593
2024-07-08,03:24:00,25334,25081,25620,24569
2024-07-08,03:29:00,25390,25172,25620,24645
2024-07-08,03:34:00,25370,25249,25620,24577
2024-07-08,03:39:00,25452,25307,25620,24733
2024-07-08,03:44:00,25474,25363,25625,24788
2024-07-08,03:49:00,25459,25162,25697,24806
2024-07-08,03:54:00,25425,25311,25620,24719
2024-07-08,03:59:00,25450,25247,25620,24713
2024-07-08,04:04:00,25401,25208,25620,24666
2024-07-08,04:09:00,25380,25129,25620,24652
2024-07-08,04:14:00,25395,25185,25620,24675
2024-07-08,04:19:00,25404,25312,25620,24708
2024-07-08,04:24:00,25387,25211,25620,24650
2024-07-08,04:29:00,25340,25082,25620,24617
2024-07-08,04:34:00,25307,25062,25611,24564
2024-07-08,04:39:00,25300,25149,25550,24566
2024-07-08,04:44:00,25296,25186,25502,24538
2024-07-08,04:49:00,25301,25177,25500,24545
2024-07-08,04:54:00,25266,25037,25500,24544
2024-07-08,04:59:00,25262,25058,25500,24563
2024-07-08,05:04:00,25259,25088,25500,24553
2024-07-08,05:09:00,25215,25079,25500,24464
2024-07-08,05:14:00,25206,24920,25500,24428
2024-07-08,05:19:00,25200,24958,25500,24463
2024-07-08,05:24:00,25231,25035,25500,24538
2024-07-08,05:29:00,25245,25136,25500,24585
2024-07-08,05:34:00,25227,25087,25500,24572
2024-07-08,05:39:00,25232,24955,25500,24519
2024-07-08,05:44:00,25219,25116,25500,24515
2024-07-08,05:49:00,25223,25004,25500,24507
2024-07-08,05:54:00,25205,25011,25497,24460
2024-07-08,05:59:00,25192,25060,25446,24461
2024-07-08,06:04:00,25192,25014,25412,24449
2024-07-08,06:09:00,25190,25118,25372,24453
2024-07-08,06:14:00,25273,25200,25498,24572
2024-07-08,06:19:00,25201,24955,25491,24532
2024-07-08,06:24:00,25224,25037,25482,24557
2024-07-08,06:29:00,25232,25126,25422,24522
2024-07-08,06:34:00,25193,24992,25397,24462
2024-07-08,06:39:00,25177,24986,25404,24445
2024-07-08,06:44:00,25167,24885,25448,24441
2024-07-08,06:49:00,25184,24949,25370,24482
2024-07-08,06:54:00,25124,25051,25370,24374
2024-07-08,06:59:00,25116,24921,25370,24378
2024-07-08,07:04:00,25146,25006,25370,24424
2024-07-08,07:09:00,25128,25009,25370,24441
2024-07-08,07:14:00,25082,24840,25370,24384
2024-07-08,07:19:00,25086,25094,25370,24370
2024-07-08,07:24:00,25089,24962,25370,24335
2024-07-08,07:29:00,25097,24827,25370,24384
2024-07-08,07:34:00,25084,24941,25370,24388
2024-07-08,07:39:00,25025,24839,25281,24317
2024-07-08,07:44:00,25018,24802,25293,24316
2024-07-08,07:49:00,25083,24879,25336,24353
2024-07-08,07:54:00,25007,24870,25250,24297
2024-07-08,07:59:00,24978,24779,25250,24284
2024-07-08,08:04:00,24974,24818,25250,24280
2024-07-08,08:09:00,24983,24832,25250,24312
2024-07-08,08:14:00,25045,24930,25250,24346
2024-07-08,08:19:00,25042,24935,25250,24287
2024-07-08,08:24:00,25065,24902,25250,24356
2024-07-08,08:29:00,25041,24848,25251,24339
2024-07-08,08:34:00,25080,25021,25255,24396
2024-07-08,08:39:00,25186,25091,25368,24538
2024-07-08,08:44:00,25211,25065,25370,24515
2024-07-08,08:49:00,25213,25022,25370,24494
2024-07-08,08:54:00,25242,25052,25374,24559
2024-07-08,08:59:00,25188,25029,25370,24500
2024-07-08,09:04:00,25164,24992,25370,24488
2024-07-08,09:09:00,25135,24976,25370,24434
2024-07-08,09:14:00,25149,24973,25370,24417
2024-07-08,09:19:00,25133,24866,25370,24407
2024-07-08,09:24:00,25134,24925,25370,24414
2024-07-08,09:29:00,25154,25052,25370,24455
2024-07-08,09:34:00,25195,25155,25370,24556
2024-07-08,09:39:00,25230,25152,25383,24544
2024-07-08,09:44:00,25208,24991,25399,24483
2024-07-08,09:49:00,25198,25004,25370,24483
2024-07-08,09:54:00,25226,25023,25442,24554
2024-07-08,09:59:00,25186,25062,25370,24510
2024-07-08,10:04:00,25228,25184,25464,24580
2024-07-08,10:09:00,25213,25049,25497,24536
2024-07-08,10:14:00,25182,24942,25445,24502
2024-07-08,10:19:00,25201,25142,25428,24536
2024-07-08,10:24:00,25216,25072,25496,24566
2024-07-08,10:29:00,25248,25075,25499,24553
2024-07-08,10:34:00,25217,25057,25500,24537
2024-07-08,10:39:00,25245,25186,25500,24540
2024-07-08,10:44:00,25271,25190,25500,24612
2024-07-08,10:49:00,25261,25097,25500,24599
2024-07-08,10:54:00,25315,25219,25500,24621
2024-07-08,10:59:00,25304,25153,25500,24608
2024-07-08,11:04:00,25290,25133,25500,24592
2024-07-08,11:09:00,25241,25063,25500,24565
2024-07-08,11:14:00,25237,25095,25500,24555
2024-07-08,11:19:00,25300,25270,25500,24630
2024-07-08,11:24:00,25275,25045,25500,24565
2024-07-08,11:29:00,25236,25080,25500,24552
2024-07-08,11:34:00,25215,24992,25500,24550
2024-07-08,11:39:00,25232,25017,25500,24585
2024-07-08,11:44:00,25249,25211,25500,24561
2024-07-08,11:49:00,25217,25006,25500,24525
2024-07-08,11:54:00,25202,24973,25486,24527
2024-07-08,11:59:00,25217,25054,25489,24575
2024-07-08,12:04:00,25179,25041,25372,24473
2024-07-08,12:09:00,25189,25159,25371,24447
2024-07-08,12:14:00,25163,24968,25370,24436
2024-07-08,12:19:00,25126,24942,25370,24423
2024-07-08,12:24:00,25150,24940,25370,24479
2024-07-08,12:29:00,25151,25095,25370,24484
2024-07-08,12:34:00,25231,25239,25370,24564
2024-07-08,12:39:00,25259,25143,25412,24586
2024-07-08,12:44:00,25236,25015,25500,24569
2024-07-08,12:49:00,25233,25100,25500,24557
2024-07-08,12:54:00,25272,25078,25500,24604
2024-07-08,12:59:00,25283,25136,25500,24575
2024-07-08,13:04:00,25270,25160,25500,24556
2024-07-08,13:09:00,25248,25072,25500,24550
2024-07-08,13:14:00,25229,25022,25500,24546
2024-07-08,13:19:00,25249,25073,25500,24578
2024-07-08,13:24:00,25271,25169,25500,24566
2024-07-08,13:29:00,25230,25001,25500,24477
2024-07-08,13:34:00,25220,24940,25489,24500
2024-07-08,13:39:00,25232,24878,25473,24432
2024-07-08,13:44:00,25158,24775,25370,24181
2024-07-08,13:49:00,25153,24875,25370,24192
2024-07-08,13:54:00,25038,24299,25265,23681
2024-07-08,13:59:00,24856,24080,25119,23303
2024-07-08,14:04:00,24750,23901,24974,23110
2024-07-08,14:09:00,24669,23817,24869,23031
2024-07-08,14:14:01,24652,23975,24855,23246
2024-07-08,14:19:00,24713,24391,24870,23580
2024-07-08,14:24:01,24843,24644,24929,23903
2024-07-08,14:29:00,24866,24298,24917,23893
2024-07-08,14:34:00,24824,24250,24924,23877
2024-07-08,14:39:00,24810,24248,24870,23827
2024-07-08,14:44:00,24736,23992,24866,23704
2024-07-08,14:49:00,24634,23730,24755,23373
2024-07-08,14:54:00,24587,23838,24704,23124
2024-07-08,14:59:00,24546,24041,24559,23206
2024-07-08,15:04:00,24565,24074,24620,23482
2024-07-08,15:09:00,24588,24953,24547,23670
2024-07-08,15:14:00,24577,25203,24346,23766
2024-07-08,15:19:00,24596,24282,24465,23752
2024-07-08,15:24:00,24579,24134,24620,23811
2024-07-08,15:29:00,24560,24091,24682,23798
2024-07-08,15:34:00,24548,24188,24733,23814
2024-07-08,15:39:00,24511,24103,24750,23713
2024-07-08,15:44:00,24530,24158,24745,23752
2024-07-08,15:49:00,24514,24136,24747,23716
2024-07-08,15:54:00,24469,24112,24750,23657
2024-07-08,15:59:00,24434,24002,24697,23615
2024-07-08,16:04:00,24414,24054,24677,23620
2024-07-08,16:09:00,24452,24120,24748,23711
2024-07-08,16:14:00,24494,24215,24750,23804
2024-07-08,16:19:00,24496,24257,24746,23715
2024-07-08,16:24:00,24403,24482,24357,23452
2024-07-08,16:29:00,24359,23888,24261,23425
2024-07-08,16:34:00,24319,23568,24438,23374
2024-07-08,16:39:00,24351,23793,24500,23486
2024-07-08,16:44:00,24365,23785,24603,23606
2024-07-08,16:49:00,24366,23974,24610,23571
2024-07-08,16:54:00,24472,24218,24629,23845
2024-07-08,16:59:00,24571,24318,24750,24008
2024-07-08,17:04:00,24625,24417,24812,24120
2024-07-08,17:09:00,24615,24422,24870,24146
2024-07-08,17:14:00,24667,24494,24870,24177
2024-07-08,17:19:00,24726,24603,24922,24297
2024-07-08,17:24:00,24773,24622,25000,24323
2024-07-08,17:29:00,24845,24666,25000,24358
2024-07-08,17:34:00,24933,24775,25061,24356
2024-07-08,17:39:00,25010,24825,25120,24486
2024-07-08,17:44:00,25004,24799,25207,24465
2024-07-08,17:49:00,25046,24839,25250,24496
2024-07-08,17:54:00,25020,24805,25250,24437
2024-07-08,17:59:00,25040,24776,25250,24460
2024-07-08,18:04:00,25110,24918,25276,24514
2024-07-08,18:09:00,25129,24806,25370,24557
2024-07-08,18:14:00,25147,24826,25370,24569
2024-07-08,18:19:00,25118,24865,25370,24523
2024-07-08,18:24:00,25186,24987,25377,24638
2024-07-08,18:29:00,25181,24965,25370,24593
2024-07-08,18:34:00,25225,24973,25461,24648
2024-07-08,18:39:00,25218,24992,25479,24606
2024-07-08,18:44:00,25211,24947,25499,24577
2024-07-08,18:49:00,25214,24946,25500,24600
2024-07-08,18:54:00,25305,25087,25500,24759
2024-07-08,18:59:00,25381,25144,25578,24829
2024-07-08,19:04:00,25358,25131,25620,24827
2024-07-08,19:09:00,25357,25065,25620,24800
2024-07-08,19:14:00,25312,25042,25620,24764
2024-07-08,19:19:00,25360,25146,25620,24835
2024-07-08,19:24:00,25394,25212,25620,24803
2024-07-08,19:29:00,25403,25177,25620,24811
2024-07-08,19:34:00,25372,25123,25620,24807
2024-07-08,19:39:00,25389,25151,25622,24768
2024-07-08,19:44:00,25427,25221,25745,24848
2024-07-08,19:49:00,25450,25171,25750,24813
2024-07-08,19:54:00,25453,25183,25750,24806
2024-07-08,19:59:00,25423,25162,25750,24800
2024-07-08,20:04:00,25439,25197,25750,24870
2024-07-08,20:09:00,25483,25278,25750,24910
2024-07-08,20:14:00,25533,25299,25750,24941
2024-07-08,20:19:00,25546,25285,25750,24903
2024-07-08,20:24:00,25544,25278,25750,24949
2024-07-08,20:29:00,25541,25299,25777,24958
2024-07-08,20:34:00,25544,25270,25854,24954
2024-07-08,20:39:00,25585,25333,25860,24961
2024-07-08,20:44:00,25580,25310,25863,24900
2024-07-08,20:49:00,25580,25344,25870,24959
2024-07-08,20:54:00,25594,25380,25870,24988
2024-07-08,20:59:00,25620,25393,25870,25070
2024-07-08,21:04:00,25625,25389,25870,25000
2024-07-08,21:09:00,25577,25197,25870,24923
2024-07-08,21:14:00,25544,25229,25870,24906
2024-07-08,21:19:00,25538,25250,25870,24954
2024-07-08,21:24:00,25571,25386,25870,24984
2024-07-08,21:29:00,25585,25346,25870,24922
2024-07-08,21:34:00,25545,25162,25870,24887
2024-07-08,21:39:00,25541,25258,25870,24941
2024-07-08,21:44:00,25531,25314,25870,24954
2024-07-08,21:49:00,25534,25252,25868,24889
2024-07-08,21:54:00,25559,25313,25870,24916
2024-07-08,21:59:00,25619,25406,25870,24998
2024-07-08,22:04:00,25626,25391,25870,24984
2024-07-08,22:09:00,25616,25453,25870,25026
2024-07-08,22:14:00,25663,25394,25870,25027
2024-07-08,22:19:00,25628,25308,25870,25039
2024-07-08,22:24:00,25624,25351,25870,25049
2024-07-08,22:29:00,25631,25374,25870,25064
2024-07-08,22:34:00,25688,25442,25870,25079
2024-07-08,22:39:00,25655,25379,25870,25035
2024-07-08,22:44:00,25601,25322,25870,25011
2024-07-08,22:49:00,25579,25366,25870,25015
2024-07-08,22:54:00,25552,25340,25870,25000
2024-07-08,22:59:00,25601,25423,25870,25033
2024-07-08,23:04:00,25583,25355,25870,25036
2024-07-08,23:09:00,25560,25324,25870,25034
2024-07-08,23:14:00,25560,25365,25870,25054
2024-07-08,23:19:00,25534,25424,25870,24989
2024-07-08,23:24:00,25514,25291,25870,24940
2024-07-08,23:29:00,25484,25385,25870,24951
2024-07-08,23:34:00,25485,25343,25870,24946
2024-07-08,23:39:00,25453,25208,25838,24918
2024-07-08,23:44:00,25549,25477,25853,24990
2024-07-08,23:49:00,25498,25224,25870,24918
2024-07-08,23:54:00,25527,25426,25870,25028
2024-07-08,23:59:00,25530,25411,25870,25031
2024-07-09,00:04:00,25554,25463,25870,25020
2024-07-09,00:09:00,25536,25337,25870,25035
2024-07-09,00:14:00,25534,25315,25870,25042
2024-07-09,00:19:00,25515,25335,25870,24996
2024-07-09,00:24:00,25546,25468,25870,25009
2024-07-09,00:29:00,25650,25493,25947,25106
2024-07-09,00:34:00,25645,25459,26000,25103
2024-07-09,00:39:00,25644,25470,26000,25132
2024-07-09,00:44:00,25684,25499,26000,25217
2024-07-09,00:49:00,25750,25669,26000,25250
2024-07-09,00:54:00,25725,25545,26000,25195
2024-07-09,00:59:00,25670,25427,26000,25120
2024-07-09,01:04:00,25723,25527,26000,25204
2024-07-09,01:09:00,25720,25514,26000,25120
2024-07-09,01:14:00,25726,25536,26000,25074
2024-07-09,01:19:00,25689,25435,26000,25091
2024-07-09,01:24:00,25652,25448,26000,25065
2024-07-09,01:29:00,25613,25422,26000,25019
2024-07-09,01:34:00,25643,25446,25953,24959
2024-07-09,01:39:00,25621,25395,26000,24950
2024-07-09,01:44:00,25585,25382,25999,24967
2024-07-09,01:49:00,25570,25375,25948,24977
2024-07-09,01:54:00,25591,25343,25926,24971
2024-07-09,01:59:00,25585,25335,25902,24957
2024-07-09,02:04:00,25566,25337,25877,24984
2024-07-09,02:09:00,25564,25386,25870,24996
2024-07-09,02:14:00,25558,25376,25870,25000
2024-07-09,02:19:00,25591,25399,25870,25000
2024-07-09,02:24:00,25571,25368,25871,24978
2024-07-09,02:29:00,25523,25289,25870,24939
2024-07-09,02:34:00,25493,25285,25870,24940
2024-07-09,02:39:00,25520,25323,25870,24954
2024-07-09,02:44:00,25527,25316,25870,24962
2024-07-09,02:49:00,25513,25340,25870,24959
2024-07-09,02:54:00,25504,25327,25870,24958
2024-07-09,02:59:00,25488,25279,25870,24943
2024-07-09,03:04:00,25511,25338,25870,24936
2024-07-09,03:09:00,25470,25323,25870,24904
2024-07-09,03:14:00,25475,25361,25870,24896
2024-07-09,03:19:00,25486,25351,25870,24951
2024-07-09,03:24:00,25512,25374,25870,24939
2024-07-09,03:29:00,25517,25347,25870,24938
2024-07-09,03:34:00,25501,25385,25870,24953
2024-07-09,03:39:00,25532,25349,25870,24961
2024-07-09,03:44:00,25489,25270,25870,24914
2024-07-09,03:49:00,25567,25458,25870,25000
2024-07-09,03:54:00,25562,25431,25870,25000
2024-07-09,03:59:00,25500,25339,25870,24937
2024-07-09,04:04:00,25486,25324,25870,24924
2024-07-09,04:09:00,25468,25248,25870,24861
2024-07-09,04:14:00,25491,25331,25870,24860
2024-07-09,04:19:00,25455,25273,25866,24871
2024-07-09,04:24:00,25415,25193,25822,24890
2024-07-09,04:29:00,25408,25230,25794,24858
2024-07-09,04:34:00,25447,25252,25750,24856
2024-07-09,04:39:00,25415,25260,25750,24853
2024-07-09,04:44:00,25471,25300,25838,24917
2024-07-09,04:49:00,25487,25305,25870,24979
2024-07-09,04:54:00,25432,25286,25796,24871
2024-07-09,04:59:00,25449,25305,25835,24907
2024-07-09,05:04:00,25402,25201,25866,24851
2024-07-09,05:09:00,25385,25286,25756,24839
2024-07-09,05:14:00,25354,25199,25750,24827
2024-07-09,05:19:00,25384,25212,25750,24794
2024-07-09,05:24:00,25343,25127,25750,24747
2024-07-09,05:29:00,25356,25155,25750,24821
2024-07-09,05:34:00,25355,25178,25750,24847
2024-07-09,05:39:00,25368,25221,25750,24870
2024-07-09,05:44:00,25405,25207,25750,24887
2024-07-09,05:49:00,25381,25240,25750,24870
2024-07-09,05:54:00,25365,25209,25750,24870
2024-07-09,05:59:00,25334,25183,25750,24817
2024-07-09,06:04:00,25364,25231,25750,24809
2024-07-09,06:09:00,25292,25057,25694,24694
2024-07-09,06:14:00,25258,25069,25620,24718
2024-07-09,06:19:00,25263,25150,25620,24739
2024-07-09,06:24:00,25284,25100,25678,24804
2024-07-09,06:29:00,25274,24985,25621,24721
2024-07-09,06:34:00,25174,24909,25620,24586
2024-07-09,06:39:00,25162,24939,25619,24582
2024-07-09,06:44:00,25140,24970,25574,24592
2024-07-09,06:49:00,25135,25014,25534,24622
2024-07-09,06:54:00,25112,24880,25501,24596
2024-07-09,06:59:00,25089,24898,25500,24574
2024-07-09,07:04:00,25078,24983,25500,24581
2024-07-09,07:09:00,24985,24779,25460,24453
2024-07-09,07:14:00,25010,24768,25446,24493
2024-07-09,07:19:00,24963,24842,25370,24377
2024-07-09,07:24:00,24949,24821,25370,24431
2024-07-09,07:29:00,24907,24739,25370,24417
2024-07-09,07:34:00,24892,24720,25370,24427
2024-07-09,07:39:00,24895,24741,25344,24421
2024-07-09,07:44:00,24896,24742,25329,24353
2024-07-09,07:49:00,24797,24654,25268,24317
2024-07-09,07:54:00,24769,24569,25250,24309
2024-07-09,07:59:00,24792,24774,25250,24327
2024-07-09,08:04:00,24847,24823,25250,24402
2024-07-09,08:09:00,24956,24833,25339,24472
2024-07-09,08:14:00,24954,24857,25370,24500
2024-07-09,08:19:00,24968,24837,25370,24553
2024-07-09,08:24:00,24979,24862,25370,24571
2024-07-09,08:29:00,24935,24801,25370,24516
2024-07-09,08:34:00,24966,24840,25370,24551
2024-07-09,08:39:00,24976,24812,25370,24518
2024-07-09,08:44:00,24923,24674,25370,24449
2024-07-09,08:49:00,24909,24736,25346,24445
2024-07-09,08:54:00,24902,24717,25269,24441
2024-07-09,08:59:00,24921,24783,25307,24470
2024-07-09,09:04:00,24896,24772,25250,24368
2024-07-09,09:09:00,24845,24761,25250,24359
2024-07-09,09:14:00,24887,24838,25280,24471
2024-07-09,09:19:00,24812,24757,25250,24418
2024-07-09,09:24:00,24753,24614,25250,24346
2024-07-09,09:29:00,24784,24670,25250,24314
2024-07-09,09:34:00,24755,24571,25250,24317
2024-07-09,09:39:00,24733,24628,25238,24322
2024-07-09,09:44:00,24719,24670,25226,24303
2024-07-09,09:49:00,24738,24651,25250,24370
2024-07-09,09:54:00,24756,24674,25250,24348
2024-07-09,09:59:00,24759,24679,25250,24328
2024-07-09,10:04:00,24729,24685,25241,24316
2024-07-09,10:09:00,24739,24634,25239,24347
2024-07-09,10:14:00,24698,24618,25147,24310
2024-07-09,10:19:00,24657,24493,25124,24243
2024-07-09,10:24:00,24707,24573,25120,24282
2024-07-09,10:29:00,24662,24545,25120,24204
2024-07-09,10:34:00,24657,24532,25120,24221
2024-07-09,10:39:00,24653,24569,25120,24245
2024-07-09,10:44:00,24626,24549,25120,24225
2024-07-09,10:49:00,24614,24588,25120,24222
2024-07-09,10:54:00,24649,24567,25111,24213
2024-07-09,10:59:00,24615,24530,25086,24144
2024-07-09,11:04:00,24643,24633,25101,24251
2024-07-09,11:09:00,24626,24509,25120,24232
2024-07-09,11:14:00,24610,24504,25120,24252
2024-07-09,11:19:00,24648,24511,25119,24275
2024-07-09,11:24:00,24661,24604,25120,24262
2024-07-09,11:29:00,24661,24540,25120,24286
2024-07-09,11:34:00,24639,24570,25120,24158
2024-07-09,11:39:00,24666,24598,25120,24233
2024-07-09,11:44:00,24589,24561,25108,24110
2024-07-09,11:49:00,24670,24615,25120,24269
2024-07-09,11:54:00,24658,24572,25120,24224
2024-07-09,11:59:00,24635,24473,25120,24208
2024-07-09,12:04:00,24666,24692,25120,24262
2024-07-09,12:09:00,24653,24458,25120,24214
2024-07-09,12:14:00,24667,24573,25120,24226
2024-07-09,12:19:00,24662,24571,25120,24195
2024-07-09,12:24:00,24665,24611,25120,24218
2024-07-09,12:29:00,24683,24633,25120,24257
2024-07-09,12:34:00,24687,24612,25120,24310
2024-07-09,12:39:00,24691,24667,25120,24291
2024-07-09,12:44:00,24737,24598,25120,24291
2024-07-09,12:49:00,24695,24544,25120,24237
2024-07-09,12:54:00,24648,24590,25120,24174
2024-07-09,12:59:00,24637,24537,25120,24190
2024-07-09,13:04:00,24621,24437,25120,24221
2024-07-09,13:09:00,24658,24573,25120,24233
2024-07-09,13:14:00,24664,24518,25120,24243
2024-07-09,13:19:00,24639,24610,25120,24177
2024-07-09,13:24:00,24659,24543,25120,24258
2024-07-09,13:29:00,24652,24628,25120,24250
2024-07-09,13:34:00,24744,24764,25120,24353
2024-07-09,13:39:00,24714,24623,25120,24275
2024-07-09,13:44:00,24699,24522,25121,24230
2024-07-09,13:49:00,24735,24619,25120,24214
2024-07-09,13:54:00,24662,24448,25120,24074
2024-07-09,13:59:00,24689,24514,25120,24174
2024-07-09,14:04:00,24739,24527,25120,24223
2024-07-09,14:09:00,24749,24587,25120,24250
2024-07-09,14:14:00,24762,24608,25169,24325
2024-07-09,14:19:00,24757,24605,25123,24336
2024-07-09,14:24:00,24712,24530,25120,24235
2024-07-09,14:29:00,24854,24786,25126,24328
2024-07-09,14:34:00,24875,24675,25250,24325
2024-07-09,14:39:00,24850,24644,25250,24340
2024-07-09,14:44:00,24872,24747,25250,24370
2024-07-09,14:49:00,24903,24584,25250,24376
2024-07-09,14:54:00,24908,24504,25201,24378
2024-07-09,14:59:00,24888,24420,25143,24332
2024-07-09,15:04:00,24844,24428,25120,24291
2024-07-09,15:09:00,24823,24402,25123,24322
2024-07-09,15:14:00,24802,24350,25120,24316
2024-07-09,15:19:00,24803,24499,25120,24369
2024-07-09,15:24:00,24865,24569,25127,24414
2024-07-09,15:29:00,24906,24453,25212,24423
2024-07-09,15:34:00,24854,24413,25192,24371
2024-07-09,15:39:00,24763,24349,25120,24226
2024-07-09,15:44:00,24774,24437,25120,24262
2024-07-09,15:49:00,24754,24233,25120,24220
2024-07-09,15:54:00,24720,24059,25074,23930
2024-07-09,15:59:00,24727,24385,25000,23979
2024-07-09,16:04:00,24662,24277,24921,23992
2024-07-09,16:09:00,24728,24433,24997,24228
2024-07-09,16:14:00,24712,24317,25000,24229
2024-07-09,16:19:00,24692,24708,24848,24042
2024-07-09,16:24:00,24680,24339,24800,24047
2024-07-09,16:29:00,24699,24291,24822,24123
2024-07-09,16:34:00,24703,24320,24864,24086
2024-07-09,16:39:00,24648,24183,24870,23987
2024-07-09,16:44:00,24652,24223,24870,24063
2024-07-09,16:49:00,24665,24352,24938,24126
2024-07-09,16:54:00,24640,24330,24998,24113
2024-07-09,16:59:00,24642,24155,25000,24103
2024-07-09,17:04:00,24677,24441,25000,24160
2024-07-09,17:09:00,24779,24570,25072,24292
2024-07-09,17:14:00,24729,24316,25093,24168
2024-07-09,17:19:00,24655,24287,25000,23765
2024-07-09,17:24:00,24651,24227,25000,23559
2024-07-09,17:29:00,24647,24107,25000,23427
2024-07-09,17:34:00,24476,23438,24888,23021
2024-07-09,17:39:00,24301,23534,24632,22607
2024-07-09,17:44:00,24342,23709,24620,22750
2024-07-09,17:49:00,24339,23642,24620,22826
2024-07-09,17:54:00,24027,22685,24436,22307
2024-07-09,17:59:00,23899,23382,24271,22471
2024-07-09,18:04:00,23894,23600,24248,23065
2024-07-09,18:09:00,23800,23625,23983,23144
2024-07-09,18:14:00,23791,23910,23819,23227
2024-07-09,18:19:00,23774,23956,23734,23253
2024-07-09,18:24:00,23782,23789,23679,23197
2024-07-09,18:29:00,23678,23680,23587,23087
2024-07-09,18:34:00,23664,23648,23534,22997
2024-07-09,18:39:00,23628,23539,23492,22935
2024-07-09,18:44:00,23557,23498,23470,22906
2024-07-09,18:49:00,23509,23392,23427,22910
2024-07-09,18:54:00,23525,23528,23384,22846
2024-07-09,18:59:00,23394,23446,23273,22839
2024-07-09,19:04:00,23394,23503,23242,22824
2024-07-09,19:09:00,23447,23416,23293,22819
2024-07-09,19:14:00,23480,23378,23324,22848
2024-07-09,19:19:00,23507,23541,23317,22823
2024-07-09,19:24:00,23301,23420,23196,22790
2024-07-09,19:29:00,23410,23434,23255,22840
2024-07-09,19:34:00,23401,23376,23241,22750
2024-07-09,19:39:00,23368,23382,23287,22716
2024-07-09,19:44:00,23330,23341,23213,22722
2024-07-09,19:49:00,23393,23410,23198,22750
2024-07-09,19:54:00,23443,23487,23280,22750
2024-07-09,19:59:00,23389,23426,23275,22776
2024-07-09,20:04:00,23514,23781,23335,22989
2024-07-09,20:09:00,23675,23975,23452,23223
2024-07-09,20:14:00,23768,24042,23561,23356
2024-07-09,20:19:00,23761,23967,23575,23370
2024-07-09,20:24:00,23740,23986,23661,23377
2024-07-09,20:29:00,23831,24078,23703,23500
2024-07-09,20:34:00,23849,24061,23719,23569
2024-07-09,20:39:00,23714,24064,23675,23577
2024-07-09,20:44:00,23689,24055,23634,23564
2024-07-09,20:49:00,23778,24245,23687,23585
2024-07-09,20:54:00,23817,24126,23732,23620
2024-07-09,20:59:00,23780,24120,23678,23620
2024-07-09,21:04:00,23932,24337,23781,23660
2024-07-09,21:09:00,23864,24180,23814,23683
2024-07-09,21:14:00,23923,24283,23896,23739
2024-07-09,21:19:00,24139,24421,24041,23849
2024-07-09,21:24:00,24262,24689,24117,23995
2024-07-09,21:29:00,24157,24474,24047,23933
2024-07-09,21:34:00,24105,24460,24010,23923
2024-07-09,21:39:00,24127,24412,24043,23870
2024-07-09,21:44:00,24122,24341,24061,23900
2024-07-09,21:49:00,24127,24310,24098,23872
2024-07-09,21:54:00,24179,24555,24101,23974
2024-07-09,21:59:00,24044,24376,24048,23933
2024-07-09,22:04:00,24040,24498,24009,23870
2024-07-09,22:09:00,24083,24418,24019,23919
2024-07-09,22:14:00,24031,24436,24052,23914
2024-07-09,22:19:00,24199,24622,24091,23967
2024-07-09,22:24:00,24151,24561,24039,23892
2024-07-09,22:29:00,24135,24338,24114,23871
2024-07-09,22:34:00,24179,24313,24219,23958
2024-07-09,22:39:00,24177,24354,24291,23967
2024-07-09,22:44:00,24071,24251,24237,23889
2024-07-09,22:49:00,24108,24515,24167,23904
2024-07-09,22:54:00,24172,24684,24144,24030
2024-07-09,22:59:00,24131,24559,24124,23947
2024-07-09,23:04:00,24107,24568,24151,23992
2024-07-09,23:09:00,24153,24500,24120,24000
2024-07-09,23:14:00,24121,24498,24160,24000
2024-07-09,23:19:00,24226,24621,24247,24056
2024-07-09,23:24:00,24251,24615,24227,24120
2024-07-09,23:29:00,24178,24506,24322,24093
2024-07-09,23:34:00,24157,24448,24270,24002
2024-07-09,23:39:00,24206,24509,24260,24000
2024-07-09,23:44:00,24232,24544,24304,24011
2024-07-09,23:49:00,24267,24866,24279,24097
2024-07-09,23:54:00,24304,24771,24320,24120
2024-07-09,23:59:00,24295,24761,24317,24119
2024-07-10,00:04:00,24316,24715,24345,24120
2024-07-10,00:09:00,24311,24698,24370,24120
2024-07-10,00:14:00,24278,24796,24344,24089
2024-07-10,00:19:00,24382,24742,24370,24120
2024-07-10,00:24:00,24345,24746,24338,24120
2024-07-10,00:29:00,24332,24819,24361,24106
2024-07-10,00:34:00,24274,24772,24301,24105
2024-07-10,00:39:00,24307,24658,24347,24092
2024-07-10,00:44:00,24245,24707,24317,24165
2024-07-10,00:49:00,24309,24710,24277,24120
2024-07-10,00:54:00,24372,24812,24364,24132
2024-07-10,00:59:00,24426,24888,24370,24238
2024-07-10,01:04:00,24486,24918,24431,24277
2024-07-10,01:09:00,24406,24867,24449,24265
2024-07-10,01:14:00,24327,24912,24401,24284
2024-07-10,01:19:00,24347,24783,24434,24214
2024-07-10,01:24:00,24371,24836,24483,24176
2024-07-10,01:29:00,24241,24731,24323,24161
2024-07-10,01:34:00,24321,24565,24472,24208
2024-07-10,01:39:00,24319,24770,24455,24243
2024-07-10,01:44:00,24368,24694,24458,24243
2024-07-10,01:49:00,24290,24602,24346,24121
2024-07-10,01:54:00,24243,24593,24344,24120
2024-07-10,01:59:00,24333,24678,24430,24120
2024-07-10,02:04:00,24331,24832,24363,24140
2024-07-10,02:09:00,24308,24947,24312,24194
2024-07-10,02:14:00,24322,24769,24355,24176
2024-07-10,02:19:00,24443,25015,24400,24246
2024-07-10,02:24:00,24405,24848,24395,24250
2024-07-10,02:29:00,24535,24992,24514,24356
2024-07-10,02:34:00,24495,25141,24469,24395
2024-07-10,02:39:00,24467,24908,24434,24328
2024-07-10,02:44:00,24452,24782,24476,24283
2024-07-10,02:49:00,24423,24755,24503,24270
2024-07-10,02:54:00,24383,24757,24424,24250
2024-07-10,02:59:00,24412,24880,24437,24313
2024-07-10,03:04:00,24427,24969,24457,24250
2024-07-10,03:09:00,24512,25052,24523,24347
2024-07-10,03:14:00,24543,24949,24543,24369
2024-07-10,03:19:00,24493,25052,24560,24348
2024-07-10,03:24:00,24514,25105,24539,24359
2024-07-10,03:29:00,24511,24833,24563,24369
2024-07-10,03:34:00,24469,24956,24538,24322
2024-07-10,03:39:00,24452,24865,24515,24311
2024-07-10,03:44:00,24468,24799,24577,24319
2024-07-10,03:49:00,24463,24958,24542,24366
2024-07-10,03:54:00,24407,24762,24479,24338
2024-07-10,03:59:00,24511,25017,24565,24370
2024-07-10,04:04:00,24485,24872,24619,24349
2024-07-10,04:09:00,24466,24855,24644,24368
2024-07-10,04:14:00,24444,24975,24579,24370
2024-07-10,04:19:00,24415,24729,24561,24299
2024-07-10,04:24:00,24387,24808,24485,24250
2024-07-10,04:29:00,24407,24906,24500,24258
2024-07-10,04:34:00,24402,24875,24485,24250
2024-07-10,04:39:00,24434,25012,24488,24278
2024-07-10,04:44:00,24451,24849,24539,24290
2024-07-10,04:49:00,24441,24888,24462,24250
2024-07-10,04:54:00,24336,24808,24336,24187
2024-07-10,04:59:00,24317,24799,24324,24206
2024-07-10,05:04:00,24381,24809,24462,24224
2024-07-10,05:09:00,24503,24855,24620,24303
2024-07-10,05:14:00,24385,24717,24506,24271
2024-07-10,05:19:00,24504,24789,24604,24360
2024-07-10,05:24:00,24509,24899,24595,24370
2024-07-10,05:29:00,24487,24935,24652,24370
2024-07-10,05:34:00,24491,24828,24642,24370
2024-07-10,05:39:00,24506,24785,24732,24370
2024-07-10,05:44:00,24469,24838,24591,24324
2024-07-10,05:49:00,24459,24808,24565,24319
2024-07-10,05:54:00,24518,24936,24620,24370
2024-07-10,05:59:00,24505,24858,24614,24370
2024-07-10,06:04:00,24468,24861,24534,24313
2024-07-10,06:09:00,24480,24917,24562,24332
2024-07-10,06:14:00,24484,24931,24570,24369
2024-07-10,06:19:00,24486,24984,24557,24359
2024-07-10,06:24:00,24486,25002,24544,24285
2024-07-10,06:29:00,24455,24907,24522,24290
2024-07-10,06:34:00,24447,24848,24572,24340
2024-07-10,06:39:00,24441,24795,24556,24334
2024-07-10,06:44:00,24465,24956,24554,24278
2024-07-10,06:49:00,24472,25056,24530,24334
2024-07-10,06:54:00,24489,25029,24503,24361
2024-07-10,06:59:00,24420,24914,24436,24298
2024-07-10,07:04:00,24549,24891,24557,24377
2024-07-10,07:09:00,24631,25147,24664,24433
2024-07-10,07:14:00,24594,25151,24667,24467
2024-07-10,07:19:00,24530,24991,24653,24371
2024-07-10,07:24:00,24540,24924,24732,24370
2024-07-10,07:29:00,24546,24936,24734,24370
2024-07-10,07:34:00,24545,24971,24618,24384
2024-07-10,07:39:00,24512,24916,24581,24430
2024-07-10,07:44:00,24451,24783,24546,24370
2024-07-10,07:49:00,24422,24818,24457,24367
2024-07-10,07:54:00,24422,24852,24535,24290
2024-07-10,07:59:00,24415,24778,24502,24253
2024-07-10,08:04:00,24360,24784,24425,24296
2024-07-10,08:09:00,24321,24740,24394,24216
2024-07-10,08:14:00,24331,24783,24459,24185
2024-07-10,08:19:00,24406,24692,24583,24236
2024-07-10,08:24:00,24443,24815,24553,24250
2024-07-10,08:29:00,24323,24701,24447,24265
2024-07-10,08:34:00,24358,24864,24443,24290
2024-07-10,08:39:00,24345,24733,24466,24131
2024-07-10,08:44:00,24303,24748,24394,24120
2024-07-10,08:49:00,24312,24735,24408,24120
2024-07-10,08:54:00,24373,24421,24585,23909
2024-07-10,08:59:00,24376,24077,24714,23554
2024-07-10,09:04:00,24193,23175,24661,22869
2024-07-10,09:09:00,24087,23565,24500,22677
2024-07-10,09:14:00,24124,23649,24500,22750
2024-07-10,09:19:00,24132,23591,24500,22750
2024-07-10,09:24:00,24129,23533,24500,22749
2024-07-10,09:29:00,24117,23480,24440,22630
2024-07-10,09:34:00,24092,23431,24370,22608
2024-07-10,09:39:00,24074,23395,24370,22503
2024-07-10,09:44:00,24048,23369,24327,22500
2024-07-10,09:49:00,24020,23305,24250,22465
2024-07-10,09:54:00,23992,23290,24250,22370
2024-07-10,09:59:00,23961,23238,24244,22370
2024-07-10,10:04:00,23922,23201,24123,22369
2024-07-10,10:09:00,23894,23172,24120,22261
2024-07-10,10:14:00,23869,23149,24120,22250
2024-07-10,10:19:00,23844,23087,24044,22238
2024-07-10,10:24:00,23818,23061,24000,22120
2024-07-10,10:29:00,23798,23036,24000,22120
2024-07-10,10:34:00,23771,23013,23998,22120
2024-07-10,10:39:00,23744,22985,23879,22120
2024-07-10,10:44:00,23715,22962,23870,22114
2024-07-10,10:49:00,23688,22950,23870,22001
2024-07-10,10:54:00,23669,22923,23870,22000
2024-07-10,10:59:00,23649,22895,23797,22000
2024-07-10,11:04:00,23620,22869,23750,22000
2024-07-10,11:09:00,23602,22858,23750,22000
2024-07-10,11:14:00,23579,22843,23750,22000
2024-07-10,11:19:00,23556,22849,23750,21940
2024-07-10,11:24:00,23544,22817,23750,21902
2024-07-10,11:29:00,23523,22809,23675,21870
2024-07-10,11:34:00,23511,22785,23620,21870
2024-07-10,11:39:00,23496,22777,23620,21870
2024-07-10,11:44:00,23475,22755,23620,21870
2024-07-10,11:49:00,23455,22743,23620,21870
2024-07-10,11:54:00,23441,22727,23620,21869
2024-07-10,11:59:00,23433,22733,23620,21785
2024-07-10,12:04:00,23420,22718,23619,21865
2024-07-10,12:09:00,23410,22723,23563,21756
2024-07-10,12:14:00,23399,22718,23501,21752
2024-07-10,12:19:00,23392,22693,23500,21751
2024-07-10,12:24:00,23383,22672,23500,21750
2024-07-10,12:29:00,23380,22669,23500,21750
2024-07-10,12:34:00,23369,22665,23500,21750
2024-07-10,12:39:00,23347,22677,23500,21750
2024-07-10,12:44:00,23335,22659,23500,21750
2024-07-10,12:49:00,23329,22652,23500,21750
2024-07-10,12:54:00,23320,22618,23500,21750
2024-07-10,12:59:00,23313,22610,23460,21750
2024-07-10,13:04:00,23304,22600,23373,21737
2024-07-10,13:09:00,23298,22604,23370,21732
2024-07-10,13:14:00,23287,22583,23370,21633
2024-07-10,13:19:00,23273,22579,23370,21621
2024-07-10,13:24:00,23259,22563,23370,21621
2024-07-10,13:29:00,23259,22562,23370,21620
2024-07-10,13:34:00,23246,22558,23370,21620
2024-07-10,13:39:00,23241,22546,23370,21620
2024-07-10,13:44:00,23234,22530,23370,21620
2024-07-10,13:49:00,23221,22535,23370,21620
2024-07-10,13:54:00,23219,22538,23370,21620
2024-07-10,13:59:00,23212,22544,23370,21620
2024-07-10,14:04:00,23210,22545,23370,21620
2024-07-10,14:09:00,23205,22544,23350,21620
2024-07-10,14:14:00,23208,22565,23274,21620
2024-07-10,14:19:00,23204,22557,23279,21620
2024-07-10,14:24:00,23194,22553,23252,21620
2024-07-10,14:29:00,23187,22546,23250,21620
2024-07-10,14:34:00,23186,22549,23250,21620
2024-07-10,14:39:00,23188,22535,23250,21620
2024-07-10,14:44:00,23184,22529,23250,21620
2024-07-10,14:49:00,23174,22526,23250,21620
2024-07-10,14:54:00,23173,22535,23250,21620
2024-07-10,14:59:00,23175,22536,23250,21620
2024-07-10,15:04:00,23174,22538,23250,21620
2024-07-10,15:09:00,23179,22520,23250,21620
2024-07-10,15:14:00,23173,22510,23250,21620
2024-07-10,15:19:00,23158,22509,23250,21620
2024-07-10,15:24:00,23162,22515,23250,21620
2024-07-10,15:29:00,23153,22513,23250,21620
2024-07-10,15:34:00,23151,22500,23250,21620
2024-07-10,15:39:00,23153,22481,23250,21620
2024-07-10,15:44:01,23154,22486,23250,21619
2024-07-10,15:49:00,23142,22370,23250,21513
2024-07-10,15:54:00,23114,22338,23150,21500
2024-07-10,15:59:00,23105,22309,23120,21500
2024-07-10,16:04:00,23062,22280,23120,21499
2024-07-10,16:09:00,23048,22287,23120,21500
2024-07-10,16:14:00,23041,22278,23120,21500
2024-07-10,16:19:00,23036,22284,23120,21500
